ID,E_Name,AGE,DOJ,GENDER,DEPARTMENT,SALARY,LOCATION,Sales
2,ROHAN,23,2020-07-10,MALE,SALES,38500,GURUGRAM,69429
3,SARA,33,2010-01-11,FEMALE,HR,93600,"New Delhi",58375
5,VARUN,29,2012-02-01,MALE,"SALES OPS",27500,DEHRADUN,92817
8,RAHUL,30,2015-05-22,MALE,"SOFTWARE ENGINEER",302400,GURUGRAM,80749
9,RISHI,28,2019-03-14,MALE,PROCURMENT,23100,NOIDA,99325
11,RITICA,30,2009-09-19,FEMALE,"NETWORKING ADMINISTRATOR",66000,BANGLORE,13911
12,ADITYA,24,2019-10-08,MALE,"FRONTEND DEVELOPER",180000,"New Delhi",46422
13,SIMI,26,2020-07-14,FEMALE,DBA,34100,GURUGRAM,90376
14,REKHA,35,2005-01-10,FEMALE,"IT PROJRCT MANAGER",223200,PANIPAT,32614
15,ARSHDEEP,23,2020-02-18,MALE,SALES,27500,PATIALA,61944
16,HARSH,33,2007-10-24,MALE,"DATA SCIENTIST",172800,MUMBAI,21879
18,SHASHANK,29,2018-01-19,MALE,"DEV OPS ENGINEER",204480,PUNE,32174
19,KARISHMA,25,2016-09-28,FEMALE,SALES,68640,GOA,50183
23,TANYA,22,2022-03-30,FEMALE,"DATA SCIENTIST",175680,PUNE,45303
24,RUHAN,20,2022-11-11,MALE,"MARKETING OPS",22000,"New Delhi",54778
25,ABHAY,33,2015-02-13,MALE,"PROJECT MANEGER",288000,HYDERABAD,37983
26,RIA,29,2020-09-19,FEMALE,"FRONTEND DEVELOPER",72600,NOIDA,15580
30,ALYA,30,2013-03-30,FEMALE,PR,136800,GOA,76969
32,RIYAN,25,2021-11-11,MALE,"SALES ASSISTANT",27500,ASSAM,85331
34,"Prakash Sharma",34,2015-02-01,Male,"Software Engineer",122400,Bangalore,28567
38,Ankur,31,2016-04-03,Male,"Marketing Specialist",112320,Hyderabad,53982
42,"Vivek Jain",35,2013-09-08,Male,"Product Designer",132480,Bangalore,91802
44,"Satish Sharma",39,2014-05-20,Male,"Software Engineer",126720,Jaipur,11676
46,"Ankit Singh",28,2020-06-12,Male,"Product Manager",136800,Pune,25617
47,"Nisha Patel",27,2021-01-10,Female,"Software Developer",102240,Gurgaon,75699
49,"Shivani Mehta",30,2017-04-22,Female,"HR Manager",123840,"New Delhi",51126
50,"Rajesh Kumar",41,2004-08-30,Male,"Marketing Specialist",113760,Bangalore,90694
51,"Varun Sharma",31,2018-02-15,Male,"Software Engineer",118080,Bangalore,20093
52,"Anushka Gupta",29,2021-11-10,Female,"Data Scientist",105120,Mumbai,88382
53,"Mohit Verma",38,2007-06-15,Male,"Product Manager",158400,"New Delhi",11633
54,"Sapna Patel",33,2014-07-20,Female,"HR Manager",138240,Pune,53019
55,"Aditya Kumar",28,2019-04-03,Male,"Marketing Specialist",112320,Hyderabad,40193
56,"Priyanka Sharma",26,2020-01-12,Female,"Software Developer",100800,Gurgaon,31912
57,"Saurabh Choudhary",44,2002-08-25,Male,"Project Manager",169920,Chennai,28978
58,"Anjali Jain",37,2009-03-15,Female,"Financial Analyst",122400,Mumbai,39153
59,"Krishna Tiwari",35,2013-09-08,Male,"Product Designer",132480,Bangalore,98834
60,"Anamika Gupta",26,2022-02-18,Female,"Graphic Designer",93600,Chandigarh,96709
65,"Aditya Verma",38,2012-09-01,Male,"Project Manager",151200,Mumbai,58511
68,"Manju Singh",35,2013-07-18,Female,"Software Engineer",118080,Chennai,63506
69,"Mukesh Sharma",28,2019-09-10,Male,"Data Scientist",106560,Pune,58787
73,"Anand Gupta",37,2012-11-15,Male,"Project Manager",146880,Bangalore,34562
77,"Rohit Kumar",33,2014-05-10,Male,"Data Scientist",109440,Mumbai,73163
79,"Alok Singh",40,2007-11-15,Male,"Project Manager",158400,Bangalore,38095
81,"Sumit Patel",38,2013-03-03,Male,"Software Developer",100800,Pune,65337
82,"Nidhi Verma",26,2022-04-22,Female,"Graphic Designer",93600,Jaipur,22912
83,"Vivek Kumar",39,2014-09-10,Male,"Marketing Specialist",113760,Chennai,88550
86,"Swati Patel",35,2015-05-01,Female,"Software Developer",102240,Bangalore,50047
88,"Sarika Tiwari",27,2021-09-08,Female,"Software Engineer",112320,Pune,14775
91,VIVEK,26,2017-05-05,MALE,ANALYST,66000,"New Delhi",92722
96,SIDHANT,43,2000-01-10,MALE,MARKETING,180000,BANGLORE,64044
100,ANUBHAV,26,2011-01-03,MALE,"WEB DEVELOPER",93600,JAIPUR,57311
107,SIMRAN,26,2021-03-11,FEMALE,"UI/UX DESIGNER",108000,VADODRA,47584
110,RICKY,43,2000-05-12,MALE,"PROJECT MANEGER",446400,MUMBAI,42656
111,PARUL,31,2012-01-14,FEMALE,"MARKETING OPS",51700,GURUGRAM,63980
112,KARTHIK,39,2020-07-10,MALE,SALES,27500,GURUGRAM,91933
117,SIDHU,40,2010-01-12,MALE,"UI/UX DESIGNER",129600,"New Delhi",38005
118,ADYA,26,2022-01-10,FEMALE,AUDIT,49500,"New Delhi",41565
119,NIKHIL,28,2021-01-11,MALE,SALES,115200,MUMBAI,83807
121,SID,34,2011-02-25,MALE,ANALYST,83160,ORISSA,80287
125,"Asha Singh",28,2018-11-10,Female,"Data Scientist",108000,Mumbai,69888
126,"Rahul Tiwari",40,2005-06-15,Male,"Product Manager",151200,"New Delhi",37377
127,"Kavita Mehta",36,2011-07-20,Female,"HR Manager",129600,Pune,57222
129,"Priyanka Kapoor",29,2020-01-12,Female,"Software Developer",100800,Gurgaon,98233
130,"Pradeep Kumar",44,2002-08-25,Male,"Project Manager",172800,Chennai,79224
131,Neeta,37,2009-03-15,Female,"Financial Analyst",122400,Mumbai,91422
133,Sruti,26,2022-02-18,Female,"Graphic Designer",93600,Chandigarh,42918
135,"Deepa Nair",32,2019-11-05,Female,"Data Analyst",103680,Hyderabad,82655
138,"Alok Gupta",38,2012-09-01,Male,"Project Manager",151200,Mumbai,77644
141,"Rahul Sharma",39,2014-05-20,Male,"Software Engineer",126720,Jaipur,39845
142,"Shweta Nair",32,2019-11-05,Female,"Data Analyst",103680,Hyderabad,23131
143,"Prashant Singh",28,2020-06-12,Male,"Product Manager",136800,Pune,76122
144,"Ananya Patel",27,2021-01-10,Female,"Software Developer",102240,Gurgaon,31215
146,"Sneha Kumar",30,2017-04-22,Female,"HR Manager",123840,"New Delhi",24910
147,"Karthik Jain",41,2004-08-30,Male,"Marketing Specialist",113760,Bangalore,91417
150,"Chetna Patel",36,2006-04-12,Female,"Product Manager",161280,"New Delhi",10542
151,"Gaurav Verma",31,2018-03-25,Male,"Software Engineer",123840,Hyderabad,80145
152,"Kirti Singh",29,2021-06-30,Female,"Data Analyst",102240,Mumbai,89100
154,"Reena Tiwari",30,2017-08-03,Female,"HR Manager",125280,Pune,68028
155,"Sunil Sharma",42,2003-06-22,Male,"Marketing Specialist",115200,Chandigarh,14943
156,"Nikita Patel",36,2010-04-28,Female,"Software Developer",103680,Gurgaon,40631
158,"Seema Gupta",27,2022-02-02,Female,"Software Engineer",112320,"New Delhi",69746
160,"Pooja Sharma",29,2021-07-20,Female,"HR Manager",122400,Hyderabad,59490
164,"Arti Singh",32,2019-08-05,Female,"Data Analyst",103680,Mumbai,13951
165,"Rajat Sharma",28,2020-06-12,Male,"Product Manager",136800,"New Delhi",76709
167,"Manish Gupta",30,2017-01-10,Male,"Project Manager",151200,Hyderabad,68328
169,"Siddharth Singh",42,2004-06-22,Male,"Data Scientist",109440,Chandigarh,67844
170,"Priyanka Verma",34,2010-04-18,Female,"Product Manager",141120,Gurgaon,69525
171,ASHISH,21,2011-03-03,MALE,ACCOUNTANT,129600,"New Delhi",44093
184,ROSHAN,23,2010-01-15,MALE,"SALES MANAGEMENT",44000,MANIPUR,74081
195,NIHAL,20,2011-02-20,MALE,"FIELD OPERATOR",44000,BIHAR,18085
226,MEGHA,22,2012-08-10,FEMALE,"EXECUTIVE DIRECTOR",22000,GUJARAT,27635
240,SURAJ,30,2005-01-01,MALE,MANAGER,144000,KERALA,76518
249,TANUSHREE,27,2009-12-10,FEMALE,"TECHNOLOGY OFFICER",33000,PUNE,81976
263,RAHUL,24,2007-01-10,MALE,BOOKKEEPER,79200,GURGAON,91673
268,SANIA,20,2014-01-15,FEMALE,"GENERAL MANAGER",33000,MUMBAI,93055
279,RITIK,23,2011-01-05,MALE,DIRECTOR,115200,"MADHYA PRADESH",33938
295,KARTHIK,22,2005-06-07,MALE,"IT MANAGER",115200,MUMBAI,46551
296,VINEET,36,2010-09-20,MALE,GM,136800,GURUGRAM,80788
297,AKASH,40,2020-10-10,MALE,PR,22000,"New Delhi",74286
298,YOGI,45,2009-09-09,MALE,LEADS,33000,GURUGRAM,29069
299,PANKAJ,34,2010-10-01,MALE,MARKETING,27500,MUMBAI,92485
300,ANKIT,25,2023-05-23,MALE,SALES,108000,"New Delhi",95219
618,SAURAV,30,2007-06-10,MALE,DIRECTOR,33000,BIHAR,65266
626,ELVISH,24,2021-09-10,MALE,"TEAM LEADER",66000,SIKKIM,52399
640,RAJAN,25,2021-05-20,MALE,"STORE MANAGER",100800,"New Delhi",81644
644,KOMAL,25,2009-06-10,FEMALE,"TEAM LEADER",27500,PUNE,23764
654,FARDEEN,25,2012-05-10,MALE,MANAGER,79200,"New Delhi",92305
656,SUJEET,25,2015-01-01,MALE,ACCOUNTANT,129600,"New Delhi",79111
660,SANJAY,30,2005-05-01,MALE,"STORE MANAGER",66000,TRIPURA,92807
663,NITIN,21,2013-02-08,MALE,"SALES DEPARTMENT",22000,"New Delhi",84274
688,BILAL,32,2005-01-10,MALE,MANAGER,129600,"UTTAR PRADESH",37385
701,MUSKAN,22,2019-10-18,FEMALE,"OPERATING OFFICER",44000,"UTTAR PRADESH",35163
705,PARVEEN,28,2009-08-10,MALE,"TECHNOLOGY OFFICER",115200,"New Delhi",23848
722,GULSHAN,20,2007-08-01,MALE,DIRECTOR,33000,"New Delhi",79557
731,ABHISHEK,21,2019-01-01,MALE,ACCOUNTANT,33000,RAJESTHAN,84838
741,RAKESH,21,2011-01-10,MALE,MANAGER,100800,"New Delhi",47005
767,"AMAN NEGI",28,2015-07-04,MALE,DIRECTOR,33000,"New Delhi",88342
768,KUSHANK,22,2015-05-15,MALE,MANAGER,33000,"MADHYA PRADESH",83218
776,MAYANK,25,2019-08-20,MALE,"COMPUTER OPERATER",22000,"New Delhi",39128
781,ANIKET,22,2005-02-05,MALE,DIRECTOR,66000,MUMBAI,61637
789,PAYAL,21,2021-04-10,FEMALE,RECEPTIONIST,66000,"New Delhi",79191
791,KAJAL,27,2005-03-18,FEMALE,"MARKETING OFFICER",100800,PUNJAB,14111
801,SONALI,23,2020-01-20,FEMALE,"OPERATION MANAGEMENT",100800,KERALA,72322
804,PIYUSH,28,2003-05-15,MALE,"EXECUTIVE OFFICER",33000,HARYANA,83588
824,KAJAL,27,2012-01-08,FEMALE,ASSISTANT,44000,GOA,71661
828,MUKESH,26,2018-06-20,MALE,"GENERAL COUNSEL",66000,DEHRADUN,93924
836,SAHIL,21,2010-07-05,MALE,"OPERTION MANAGEMENT",22000,ASSAM,48819
847,KHUSHI,25,2020-04-01,FEMALE,SECRATARY,79200,"New Delhi",87932
877,PRATEEK,24,2017-05-05,MALE,"GENERAL MANAGER",44000,DEHRADUN,17291
893,DEEPESH,20,2007-05-15,MALE,SALES,33000,HYDERABAD,41703
901,AAYUSH,22,2002-08-05,MALE,DA,66000,SONIPAT,13600
902,GOURAV,21,2003-05-15,MALE,SALES,44000,SONIPAT,86065
903,SACHIN,21,2003-08-25,MALE,MANAGER,66000,SONIPAT,19523
904,ANKIT,22,2005-08-12,MALE,ACCONTANT,66000,"New Delhi",99418
905,RAHUL,22,2010-08-12,MALE,SR.ACCONTANT,100800,SAKET,68525
906,AJAY,26,2015-09-20,MALE,SALES,79200,"New Delhi",34369
907,ANIKET,20,2020-12-13,MALE,SALES,27500,"New Delhi",46268
908,SANJEEV,24,2021-12-26,MALE,DA,33000,"New Delhi",28236
909,DHRUV,29,2010-02-10,MALE,BA,129600,"New Delhi",82374
910,RAJIV,30,2016-12-22,MALE,BA,79200,"New Delhi",47162
912,RAMAN,19,2011-11-11,MALE,SALES,27500,NOIDA,11957
916,KIRTI,25,2020-09-09,FEMALE,SALES,49500,"New Delhi",14145
919,DIVYANSH,19,2022-01-10,MALE,DISTRIBUTER,29700,NOIDA,61183
920,KUNAL,21,2022-11-04,MALE,HR,66000,NOIDA,13203
921,GAURAV,21,2022-01-21,MALE,SALES,16500,GOA,52467
922,RAVI,32,2020-10-10,MALE,WORKER,5500,RJ,32727
923,RAJU,35,2022-11-04,MALE,DS,79200,NOIDA,86235
925,YASH,41,2001-10-10,MALE,CE,18700,"New Delhi",86254
926,RAJIV,23,2006-12-20,MALE,SE,28600,"New Delhi",82294
927,DHARMIK,30,2020-10-30,MALE,WROKER,22000,"New Delhi",52710
928,DEV,24,2009-10-29,MALE,WORKER,22000,MUMBAI,96666
932,HASRH,34,2006-09-29,MALE,SALES,24200,SONIPAT,64220
933,"MOHIT ",35,2008-08-23,MALE,SALES,20900,SONIPAT,57746
934,"RAGHU KUMAR",25,2009-12-11,MALE,FINANCE,40700,MEERUT,86072
935,"ANJALI GAUR",27,2023-06-12,FEMALE,HR,47300,"GREATER NOIDA",67120
936,"KOMAL CHAUHAN",22,2023-04-25,FEMALE,OPERATIONS,40150,GURUGRAM,67387
937,"PRIYA RANI",29,2020-02-13,FEMALLE,PURCHASE,48950,GURUGRAM,35574
938,"PREETI SABARWAL",33,2022-12-31,FEMALE,SALES,25850,GURUGRAM,55707
939,"ANGAD BEDI",41,2021-10-19,MALE,SALES,29150,"New Delhi",71816
940,"MANIK CHAND",27,2020-01-10,MALE,SALES,23672,"New Delhi",91958
941,"SHARDUL GARG",21,2023-06-16,MALE,HR,72600,SONIPAT,54341
942,JARVIS,21,2001-01-01,MALE,CEO,144000,SONIPAT,75832
943,"EDITH AI",22,2002-02-02,MALE,CEO,1440000,PANIPAT,26136
944,"TONI STARK",31,2007-07-21,MALE,CEO,1512000,CANADA,73183
945,"STEVE JOBSS",61,2009-09-09,MALE,HELPER,10998.9,"NEW YORK",97509
946,"NATASHA ROMONOF",30,2009-10-10,FEMALE,HELPER,21450,W.DC,77994
947,"LUCIFER MORNIGSTAR",78,2001-01-01,MALE,CEO,144000,CHICAGO,87443
948,"AMANDIEL ",80,2001-02-02,MALE,RECORDS,141120,CHICAGO,13235
950,"CHADVIK BOSEMAN",45,2014-04-14,MALE,MANAGER,113760,"NEW YORK",89515
951,"RAJ DARVID",21,2015-05-01,MALE,SALES,22000,"New Delhi",66045
952,"RAMKUWAR SHARMA",21,2019-06-05,MALE,PRODUCTION,19800,PANCHKULA,51678
953,"RANI DECOTA",35,2015-12-10,FEMALE,"SALES EXECUTIVE",23100,HISAR,50257
955,"RAHUL KHUSWAHA",25,2023-05-04,MALE,PRODUCTION,26400,"New Delhi",90484
956,"RAMESH KASHYAP",35,2019-12-13,MALE,HR1,23100,SIRSA,93666
957,"SAHIL KASHYAP",26,2020-12-14,MALE,"PURCHASE HEAD",20900,MUMBAI,96876
958,"SOHIT SHARMA",24,2021-08-26,MALE,"AST. MANAGER",66000,PUNE,13385
959,"SONALI BINDRA",22,2018-11-17,FEMALE,MANAGER,38500,"New Delhi",36297
960,"RUPALI SHARMA",30,2018-05-30,FEMALE,EXECUTIVE,22000,JAIPUR,41330
961,"ANNU KHAPRA",34,2017-01-05,FEMALE,SALES,23100,SONIPAT,87758
962,"ANUPAM KHER",25,2014-11-10,MALE,PURCHASE,24200,PANIPAT,34798
963,"SOHAM MOHANAN",22,2020-11-13,MALE,PRODUCTION,27500,NOIDA,80720
964,"SACHIN TENDULKAR",24,2018-12-15,MALE,TESTER,33000,"New Delhi",19202
965,"NISHA DUDEJA",29,2012-03-30,FEMALE,SALES,26400,KARNAL,23853
966,"NAMAN MATHUR",30,2013-10-31,MALE,WORKER,27500,KAITHAL,51660
967,"RAJU SHRIVASTAV",23,2015-05-13,MALE,SALES,30250,NOIDA,86739
968,"RAMLAL YADAAV",35,2009-11-15,MALE,PRODUCTION,26400,"New Delhi",88716
969,"BHAVYA CHATURVEDI",33,2010-11-24,FEMALE,PURCHASE,33000,AMBALA,83361
970,"BHANU PARTAP",35,2011-09-28,FEMALE,SALES,23100,YAMUNANAGAR,50659
971,"BHAVUK MAHAJAN",40,2005-01-15,MALE,PURCHASE,26400,NUH,83210
972,"ANSHUL GARG",23,2020-05-15,MALE,SALES,23100,AJMER,74075
973,"KUNAL KADYAN",24,2007-02-13,MALE,SALES,27500,JAIPUR,20744
974,"HARSH GUJRAL",26,2018-12-04,MALE,PRODUCTION,33000,FATEHBAAD,51493
976,"ANKITA LOKHANDE",28,2014-03-05,FEMALE,SALES,33000,SIRSA,41695
977,"ROHIT JUNJUNWALA",32,2017-08-18,MALE,"MARKET HEAD",35200,SONIPAT,92772
978,"RAMU VISVAS",37,2015-01-01,MALE,SUPPLYER,16500,"New Delhi",58773
979,KESHAV,35,2010-02-10,MALE,PEON,12100,"New Delhi",95549
980,"MOHAN DAS",40,2010-12-15,MALE,CEO,129600,GURUGRAM,21428
982,"SUHANI SHARMA",25,2019-09-19,FEMALE,ACCOUNTS,46200,CHANDIGARH,58176
983,"SOHAIL KHAN",28,2016-07-18,MALE,HR,66000,"New Delhi",39403
984,"RONAK BIND",27,2019-12-03,FEMALE,SALES,27500,PANIPAT,12489
985,"ANURAG BASHU",23,2020-03-28,MALE,PRODUCTION,33000,KARNAL,24237
986,"ABHISHEK KAUTISH",29,2017-08-29,MALE,PURCHASE,30800,LUDHIYANA,73716
987,"ABHAY CHIKARA",22,2015-06-21,MALE,PRODUCTION,33000,SIRSA,15871
988,"ADITYA BIJLANI",20,2023-02-16,MALE,ADMINISTRATOR,19800,"New Delhi",28206
989,"ANJALI MARIA",21,2022-05-16,FEMALE,ACCOUNTS,38500,JAISALMER,83419
990,"PAYAL CHAWLA",23,2019-12-03,FEMALE,SALES,22000,"New Delhi",52476
993,"ANAND KUMAR",26,2023-05-16,MALE,DBA,33000,PANIPAT,99555
994,ASHISH,24,2021-10-19,MALE,EXECUTIVE,27500,JHARKHAND,58222
995,DIVYANSH,23,2023-06-17,MALE,DA,38500,SONIPAT,72444
996,"DIVYANSHI JAMWAL",22,2022-12-25,FEMALE,"SALES EXECUTIVE",20900,"New Delhi",87554
997,HIMANSHU,23,2021-10-12,MALE,DBA,33000,"New Delhi",30436
999,"KARAN KUNDRA",23,2023-02-20,MALE,BA,72600,GOHANA,16297
1001,ANJUMAN,27,2021-10-23,MALE,HR,27500,SONIAPT,35711
1002,RANJANA,24,2020-12-12,FEMALE,"PRODUCT M",66000,PANIPAT,39794
1003,"ASHOK ANGRAL",29,2023-07-10,MALE,WORKER,22000,CHANDIGARH,81837
1004,"RAJIV BHOSLE",35,2016-12-12,MALE,WORKER,22000,ABOHAR,99803
1005,MANJEET,50,2012-12-10,MALE,"GATE KEEPER",16500,SONIAPT,63506
1006,ELVIS,26,2021-01-01,MALE,NULL,29700,JABALPUR,98119
1007,RONIT,29,2021-09-13,MALE,HR,14300,JAIPUR,20078
1008,FURY,55,2020-10-10,MALE,SALES,22000,AJMER,66032
1009,BARTAN,39,2021-12-12,MALE,SALES,66000,W.DC,79927
1010,"THOR ODIN",50,2023-04-14,MALE,MANAGER,72600,CHICAGO,11541
1011,GARRY,45,2020-02-13,MALE,MANAGER,49500,LUDHIYANA,77921
1012,"GIPPY GREWAL",42,2015-05-09,MALE,EDITOR,68640,CHANDIGAARH,74984
1013,"HONEY SINGH",41,2009-10-10,MALE,ADVISER,49500,"New Delhi",41156
1014,"NEHA KAKKAR",34,2015-12-12,FEMALE,ADVISER,45100,MUMBAI,60829
1015,"TONNY KAKKAR",32,2019-12-19,MALE,CONSULTANT,31900,MUMBAI,80676
1016,"SHAKTI MOHAN",32,2013-03-23,FEMALE,ACCOUNTANT,22550,MUMBAI,30894
1017,"RAGHAV JUYAL",29,2016-12-29,MALE,MANAGER,30250,JAMMU,82440
1018,"DHARMESH YELANDE",39,2009-10-10,MALE,EDITOR,67320,"JAAM NAGAR",39519
1019,"PUNEET J PATHAK",37,2009-10-25,MALE,WORKER,20900,"New Delhi",30273
1020,SUSHMITA,27,2019-10-20,FEMALE,CONSULTANT,27500,KARNAL,22809
1021,RAGHU,51,2022-12-31,MALE,WORKER,22000,SONIPAT,13227
1022,AJAY,20,2023-04-23,MALE,DA,100800,"New Delhi",77707
1023,ANSHUMAN,34,2015-12-15,MALE,DA,66000,NOIDA,68855
1024,KANHAIYALAL,29,2010-10-29,MALE,DA,31900,PANIPAT,11155
1025,HARJOT,35,2009-08-13,MALE,DS,115200,SONIPAT,19209
1026,HARSH,41,2007-09-10,MALE,BA,66000,JAIPUR,52582
1027,"SHRI RAM",51,2006-06-16,MALE,CEO,216000,AJMER,15280
1028,LAKSHMAN,71,2008-11-25,MALE,MANAGER,79200,KOLKATA,88656
1029,BHARAT,41,2004-01-29,MALE,"JR. MANAGER",66000,MUMBAI,27441
1030,RAJNISH,39,2020-12-15,MALE,DA,66000,NITHARI,41235
1031,SUMIT,45,2009-10-23,MALE,DS,129600,GR.NOIA,23854
1032,KISHOR,49,2019-09-12,MALE,WORKER,22000,FARIDABAAD,75565
1033,GAJJANAN,32,2020-12-25,MALE,WORKER,27500,AHAMDABAAD,26264
1034,RAJU,25,2020-12-25,MALE,WORKER,31900,RAJASTHAN,74623
1035,AASHU,29,2013-03-16,MALE,DA,33000,UDAYPUR,14322
1036,ARNAV,52,2021-02-15,MALE,DS,129600,"UTTAM NAGAR",17741
1037,RAVINDER,55,2023-04-26,MALE,WORKER,22000,AZADPUR,35741
1038,MAYANK,45,2003-10-23,MALE,WORKER,95040,ROHINI,25481
1039,GOURAV,22,2020-01-01,MALE,DA,72600,SONIPAT,10181
1040,HITESH,28,2001-01-05,MALE,DS,50232.6,PANIPAT,54462
1041,KUNAL,36,2009-09-10,MALE,BA,115200,BHIWANI,51769
1042,AAYUSH,55,2001-01-08,MALE,CEO,143280,PANCHKULA,85458
1043,ADITYA,34,2020-09-09,MALE,WORKER,27500,HISAR,81981
1044,ADITI,21,2021-01-25,FEMALE,RECEPTIONIST,95040,JHAJJAR,53534
1045,NARENDER,75,2020-01-25,MALE,"P. MANAGER",12650,ROHTAK,11726
1046,LOKESH,25,2023-01-23,MALE,MANAGER,115200,"New Delhi",68029
1047,ABHISHEK,29,2021-01-25,MALE,CEO,79200,NOIDA,24968
1048,ANIRUDH,29,2019-09-04,MALE,WORKER,129600,MEERUT,90753
1049,NIDAD,25,2019-09-07,MALE,WORKER,44000,HARIDWAR,98861
1050,HARISH,29,2019-09-08,MALE,"HEAD MANAGER",66000,JAMMU,32043
1051,AABHISHEK,22,2022-06-19,MALE,IT,33000,"New Delhi",33635
1052,SACHIN,25,2018-06-07,MALE,SALES,46750,GURUGRAM,62047
1053,"AKSHAY SHARMA",30,2015-06-14,MALE,IT,79200,DEHRADUN,19328
1054,SOHAN,40,2020-06-12,MALE,SALES,11000,JAIPUR,80501
1055,"UJJWAL SHARMA",26,2016-04-15,MALE,MARKETING,14300,AJMER,64519
1056,"GOURAV KUMAR",28,2022-06-18,MALE,SALES,432000,"New Delhi",71092
1057,AKSHAY,22,2021-06-08,MALE,HR,33000,PANIPAT,61901
1058,"PRINCE KUMAR",25,2021-06-10,MALE,IT,35200,"GR. NOIDA",86232
1059,UNMESHPAL,25,2022-06-20,MALE,IT,40700,"New Delhi",55457
1060,TARUNA,22,2022-09-19,FEMALE,SALES,66000,GURUGRAM,98588
1061,KANTA,22,2022-10-08,FEMALE,ANALYST,79200,GURUGRAM,46567
1062,SONALI,26,2022-02-13,FEMALE,IT,100800,GURUGRAM,17074
1063,GARVIT,27,2022-07-19,MALE,HR,79200,"New Delhi",25667
1064,"BHARAT SHARMA",32,2022-06-16,MALE,MANAGEMENT,432000,"New Delhi",67112
1065,RAHUL,42,2022-12-18,MALE,FINANCE,432000,GURUGRAM,68562
1066,ANKIT,52,2022-11-15,MALE,FINANCE,432000,"New Delhi",41472
1067,SHANAWAJ,22,2022-02-14,MALE,MARKETING,288000,"New Delhi",81676
1068,MAHJOOR,22,2022-03-18,MALE,HR,38500,PANIPAT,93962
1069,NEYMAR,36,2022-06-13,MALE,IT,547200,SONIPAT,34784
1070,"M BAPPE",39,2022-07-18,MALE,IT,676800,"New Delhi",62032
1071,"AARUHI GARG",22,2022-06-12,FEMALE,MARKETING,115200,"New Delhi",15809
1072,NANDINI,22,2022-12-22,FEMALE,FINANCE,129600,"New Delhi",62949
1073,VAIBHAV,22,2022-09-28,MALE,FINANCE,129600,AHAMDBAAD,77316
1074,SOHAAM,22,2022-06-11,MALE,FINANCE,129600,NOIDA,97736
1075,SUSUMITA,23,2022-06-13,FEMALE,FINANCE,115200,"New Delhi",66732
1076,ARUNDHATI,22,2021-12-08,FEMALE,FINANCE,33000,"New Delhi",30452
1078,AAVINNA,22,2022-12-29,FEMALE,MARKETING,331200,"New Delhi",58963
1079,RAJNIKANT,22,2023-01-19,MALE,MARKETING,432000,MURADABAAD,98624
1080,PREM,55,2002-11-18,MALE,MARKETING,475200,GURUGRAM,36229
1081,VIRAJ,27,2022-02-08,MALE,ANALYST,460800,"New Delhi",55275
1082,"ROMIL SHARMA",28,2010-09-18,MALE,ANALYST,446400,"New Delhi",67686
1083,YUZI,29,2012-05-25,MALE,IT,619200,"New Delhi",72606
1084,PANKAJ,42,2022-04-08,MALE,ANALYST,763200,GURUGRAM,59970
1085,DIPU,52,2021-09-17,MALE,HR,39600,JAMNAGAR,72033
1086,YUDHRA,27,2009-12-14,MALE,ANALYST,115200,"New Delhi",80257
1087,ANKIKET,52,2009-05-29,MALE,ANALYST,129600,NOIDA,85186
1088,"AR REHMAN",42,2002-06-14,MALE,ANALYST,115200,NOIDA,85157
1089,PREETI,32,2023-12-15,MALE,ANALYST,187200,"New Delhi",70228
1090,KRISHNA,52,2022-10-29,MALE,ANALYST,187200,GURUGRAM,85670
1091,MANAV,22,2021-03-15,MALE,ANALYST,331200,DEHRADUUN,27664
1092,ISHAAN,27,2019-06-28,FEMALE,HR,33550,"New Delhi",51313
1093,PATHARV,28,2020-03-12,MALE,IT,432000,GURUGRAM,73571
1094,AMAR,26,2022-06-13,MALE,ANALYST,446400,"New Delhi",23918
1095,TENZIN,25,2022-12-11,MALE,IT,115200,CHANDIGARH,68874
1096,SHAAN,24,2022-01-03,MALE,SALES,33000,"New Delhi",82618
1097,DEV,32,2022-07-06,MALE,IT,33000,NOIDA,16466
1098,AMRIT,42,2022-12-07,MALE,IT,33000,ITAVA,94475
1100,ARUN,52,2002-11-25,MALE,IT,66000,"New Delhi",61466
1101,ASHWIN,21,2012-10-16,MALE,IT,79200,"New Delhi",48394
1102,DIVYANSHI,27,2010-06-28,FEMALE,MANAGEMENT,475200,"New Delhi",47575
1103,RANI,22,2022-06-15,FEMALE,IT,100800,"New Delhi",82692
1104,MANISHA,42,2021-06-11,FEMALE,SALES,44000,"New Delhi",80737
1105,VAISHNVI,52,1999-10-26,FEMALE,ANALYST,79200,LUCKHNOW,55606
1106,ISHITA,44,2014-08-31,FEMALE,ANALYST,100800,NOIDA,25820
1107,"KASHVI ",52,2009-06-19,FEMALE,SALES,11000,LUDHIYANA,42280
1108,NAMANN,33,2021-11-28,MALE,IT,446400,GURUGRAM,33942
1109,"LIAM SHARMA",42,2022-09-01,MALE,IT,33000,"New Delhi",32871
1110,AHAAN,22,2011-11-11,MALE,IT,33000,"New Delhi",52527
1111,"TUSHAR KAPOOR",45,2016-12-16,MALE,IT,129600,"New Delhi",64021
1113,MAMTA,26,2011-11-19,FEMALE,HR,40700,"New Delhi",20567
1114,AVNI,24,2010-10-08,FEMALE,IT,33660,"New Delhi",85257
1115,ANUSHKA,32,2021-09-01,FEMALE,SALES,33000,NOIDA,84582
1116,CARINA,22,2010-12-02,FEMALE,IT,36300,"New Delhi",67140
1117,ARYAMAN,22,2011-02-03,MALE,IT,33000,MEERUT,71952
1118,BHAVIN,27,2011-03-08,MALE,HR,33000,"New Delhi",58342
1119,DAESHIT,25,2022-04-18,MALE,HR,33000,NOIDA,65854
1120,DAKSH,25,2022-07-09,MALE,ANALYST,79200,"New Delhi",54242
1121,DHANUS,22,2022-05-17,MALE,MARKETING,44000,ROORKEE,63651
1122,"ROHIHT SHARMA",22,2022-09-19,MALE,SALES,374400,NOIDA,55526
1123,DHAIRYA,23,2022-06-08,MALE,IT,331200,NOIDA,76678
1124,"HARDIK YADAV",22,2022-05-21,MALE,IT,187200,NOIDA,26813
1125,HRIDAN,26,2021-12-19,MALE,IT,331200,PANIPAT,74029
1126,IVAAN,22,2014-06-24,MALE,IT,33000,BHIWANI,99706
1127,ULTRON,25,2018-12-07,MALE,SALES,46200,GURUGRAM,86444
1128,EDITH,30,2010-09-14,MALE,IT,79200,"New Delhi",33101
1129,KRISH,50,1999-06-12,MALE,SALES,144000,GURUGRAM,76173
1130,LAKSHAY,26,2016-04-15,MALE,MARKETING,187200,GURUGRAM,91564
1131,LAKSHIT,28,2017-06-08,MALE,SALES,432000,"New Delhi",39302
1132,MOKSH,22,2016-12-15,FEMALE,HR,33000,HISAR,91815
1133,NAVODIT,25,2015-09-17,MALE,IT,35200,NOIDA,61172
1134,PURAB,25,2019-01-12,MALE,IT,40700,"New Delhi",20412
1135,KAVYA,22,2015-06-08,FEMALE,SALES,66000,HASI,88547
1136,PALLAVI,22,2009-02-02,FEMALE,ANALYST,79200,GURUGRAM,11497
1137,"RANI GAUTAM",26,2012-03-03,FEMALE,IT,100800,SIRSA,51844
1138,GAUTAM,27,2006-04-04,MALE,HR,79200,"New Delhi",34729
1139,"VARUN SHARMA",32,2012-06-08,MALE,MANAGEMENT,432000,"New Delhi",98114
1140,"RAJU GOPAL",42,2009-05-05,MALE,FINANCE,432000,GURUGRAM,16384
1141,"GOPAL SHANKAR",52,2006-08-13,MALE,FINANCE,432000,"New Delhi",47578
1142,"DHRUV SHARMA",22,2009-02-08,MALE,MARKETING,288000,"New Delhi",88737
1143,RAZZAK,22,2022-03-18,MALE,HR,38500,"New Delhi",20952
1144,"PANKAJ VERMA",36,2006-06-08,MALE,IT,547200,"New Delhi",98550
1145,"JAMES BOND",39,2001-07-18,MALE,IT,676800,"New Delhi",59895
1146,"AKSHIT RANA",22,2017-11-11,FEMALE,MARKETING,115200,JAISALMER,83821
1147,"NEHA SINGHAL",22,2019-01-18,FEMALE,FINANCE,129600,"New Delhi",49424
1148,"VIPIN RANA",22,2016-06-16,MALE,FINANCE,129600,"New Delhi",75655
1149,"SUBHMAN GILL",22,2015-05-18,MALE,FINANCE,129600,NOIDA,40002
1150,"KOMAL GARG",23,2012-12-19,FEMALE,FINANCE,115200,"New Delhi",53045
1151,TAMANNA,22,2011-01-17,FEMALE,FINANCE,33000,"New Delhi",45220
1152,"TARUN ADARSH",26,2021-02-15,MALE,MARKETING,331200,NOIDA,56966
1153,KAAYRAVI,22,2020-06-08,FEMALE,MARKETING,331200,"New Delhi",49169
1154,"RAHUL DHOPAL",22,2022-06-06,MALE,MARKETING,432000,"New Delhi",64948
1155,"VIJAY DESHMUKH",55,2018-09-03,MALE,MARKETING,475200,GURUGRAM,77231
1156,DHONI,27,2017-02-25,MALE,ANALYST,460800,"New Delhi",91310
1157,"RACHIT DESHPANDEY",28,2022-02-08,MALE,ANALYST,446400,"New Delhi",34858
1158,MANIK,29,2021-05-15,MALE,IT,619200,"New Delhi",70359
1159,"SUNIL BIND",42,2016-04-18,MALE,ANALYST,763200,GURUGRAM,57222
1160,"VARUN BISTH",52,2021-04-08,MALE,HR,39600,"New Delhi",65031
1161,PUJARAA,27,2022-04-23,MALE,ANALYST,115200,MUMBAI,53492
1162,RANVIJAY,52,2009-05-17,MALE,ANALYST,129600,GOA,62364
1163,"PRINCE VERMA",42,2002-08-19,MALE,ANALYST,115200,NOIDA,51346
1164,"SOMIYA SIKHAWAT",32,2023-06-08,MALE,ANALYST,14300,"New Delhi",59636
1165,"PARYAG DAHIYA",52,2022-06-09,MALE,WORKER,14300,GURUGRAM,44143
1166,"RITESH DESHMUKH",22,2021-03-08,MALE,ANALYST,331200,"New Delhi",31808
1167,"BOBBY GOUR",27,2019-11-28,FEMALE,HR,33550,"New Delhi",16611
1168,"PULKI ARORA",28,2020-06-12,MALE,MANAGER,432000,GURUGRAM,67631
1169,MARTIN,26,2022-12-13,MALE,ANALYST,446400,"New Delhi",98323
1170,"RUDHRA ROY",25,2016-06-01,MALE,IT,115200,BANDRA,98719
1171,"NITIN SINGH",24,2014-11-03,MALE,SALES,33000,"New Delhi",98628
1172,"AKASSH THAKUR",32,2014-01-06,MALE,IT,33000,NOIDA,96982
1173,"AMITAB BACHAN",42,2013-08-07,MALE,WORKER,33000,SONIPAT,89026
1174,"MIHIR GULATI",52,2012-12-28,MALE,IT,66000,GURUGRAM,54183
1175,"ZIGAR MEHTA",52,2011-11-13,MALE,IT,66000,"New Delhi",83837
1176,RAKEEB,21,2022-10-19,MALE,IT,79200,"New Delhi",66636
1177,MALAIKA,27,2010-04-08,FEMALE,MANAGEMENT,475200,"New Delhi",71668
1178,ANANYA,22,2009-09-17,FEMALE,IT,100800,PANIPAT,58432
1179,"SHARDDHA KAPOOR",42,2021-01-18,FEMALE,SALES,44000,"New Delhi",67158
1180,"SHAKI MOHAN",52,1999-10-16,FEMALE,ANALYST,79200,MANESAR,60494
1181,"MUKTI MOHAN",44,2014-08-09,FEMALE,ANALYST,100800,NOIDA,90994
1182,"JAYA BACHAN ",52,2007-06-29,FEMALE,SALES,11000,"New Delhi",83487
1183,LIGAR,33,2021-06-18,MALE,IT,446400,GURUGRAM,44456
1184,"TIGER SHROFF",42,2006-11-08,MALE,IT,33000,"New Delhi",51817
1185,"JACKIE CHAIN",22,2005-12-09,MALE,IT,33000,JAMMU,25719
1186,"CHANKI PANDEY",45,2004-01-28,MALE,IT,100800,"New Delhi",53141
1187,"KATRINA KAIFF",22,2003-06-26,FEMALE,SALES,44000,NOIDA,88549
1188,"SEEMA HAIDAR",26,2022-08-25,FEMALE,HR,40700,"New Delhi",93322
1189,"RANI MUKAHRJEE",24,2002-07-18,FEMALE,IT,33660,"New Delhi",10965
1190,NUSHRAT,32,2001-06-17,FEMALE,SALES,33000,NOIDA,34859
1191,KAMALA,22,2014-05-25,FEMALE,IT,36300,"New Delhi",41399
1192,"RAHUL GANDHI",22,2021-12-08,MALE,IT,33000,SONIPAT,92419
1193,"SUNNY DEOL",27,2019-01-29,MALE,HR,33000,"New Delhi",57898
1194,"BOBBY DEOL",25,2015-12-25,MALE,HR,33000,NOIDA,92232
1195,"ABHAY DEOL",25,2022-07-09,MALE,ANALYST,79200,"New Delhi",97468
1196,"DHARMENDAR DEOL",22,2002-03-15,MALE,MARKETING,44000,"New Delhi",20642
1197,"SHATRUGHAN SINHA",22,2009-06-08,MALE,SALES,374400,NOIDA,70807
1198,"TUSHAR DESHMUKH",23,2008-03-18,MALE,IT,331200,NOIDA,12108
1199,"VIJAY THALAPATHY",22,2009-12-28,MALE,IT,187200,NOIDA,18118
1200,"PUSHPA RAJ",26,2022-12-09,MALE,IT,25300,NOIDA,44268
1201,RAJ,21,2012-05-01,MALE,PURCHASE,22000,"New Delhi",66984
1202,RAM,21,2013-06-05,MALE,PRODUCTION,19800,PANCHKULA,12117
1203,RANI,20,2015-03-10,FEMALE,"SALES EXECUTIVE",23100,HISAR,29631
1204,ANKITA,23,2016-11-16,FEMALE,SALES,27500,NOIDA,11807
1205,RAHUL,25,2018-05-04,MALE,PRODUCTION,26400,"New Delhi",50139
1206,RAMESH,24,2019-08-13,MALE,Analyst,23100,SIRSA,25276
1207,SAHIL,26,2020-12-14,MALE,PURCHASE,20900,MUMBAI,55962
1208,SOHIT,24,2021-08-26,MALE,MANAGER,66000,PUNE,13980
1209,SONALI,22,2018-11-17,FEMALE,"AST. MAMNAGER",38500,"New Delhi",72017
1210,RUPALI,30,2018-05-30,FEMALE,EXECUTIVE,22000,JAIPUR,38144
1211,ANNU,34,2017-01-05,FEMALE,SALES,23100,SONIPAT,54667
1212,ANUPAM,25,2014-10-10,MALE,PURCHASE,24200,PANIPAT,58905
1213,SOHAM,22,2020-11-13,MALE,PRODUCTION,27500,NOIDA,30524
1214,SACHIN,24,2018-12-15,MALE,TESTER,33000,"New Delhi",55904
1215,NISHA,29,2012-03-30,FEMALE,SALES,26400,KARNAL,87948
1216,NAMAN,30,2013-10-31,MALE,Analyst,27500,KAITHAL,82026
1217,RAJU,23,2015-05-13,MALE,SALES,30250,NOIDA,46289
1218,RAMLAL,35,2009-11-15,MALE,PRODUCTION,26400,"New Delhi",65367
1219,BHAVYA,33,2010-11-24,FEMALE,PURCHASE,33000,AMBALA,87969
1220,BHANU,35,2011-09-28,FEMALE,SALES,23100,YAMUNANAGAR,53743
1221,BHAVUK,40,2005-01-15,MALE,PURCHASE,26400,NUH,84807
1222,ANSHUL,23,2020-05-15,MALE,SALES,23100,Analyst,72808
1223,KUNAL,24,2007-02-13,MALE,Analyst,27500,Analyst,99618
1224,HARSH,26,2018-12-04,MALE,PRODUCTION,33000,FATEHBAAD,89664
1225,ANKIT,28,2014-03-05,MALE,PRODUCTION,31900,SIRSA,49468
1227,ROHIT,32,2017-08-18,MALE,PURCHASE,35200,SONIPAT,43326
1228,RAMU,37,2010-01-01,MALE,PEON,16500,"New Delhi",31591
1230,MOHAN,40,2010-12-15,MALE,CEO,129600,GURUGRAM,75113
1231,SUMIT,38,2015-10-24,MALE,ACCOUNTS,49500,NOIDA,41635
1232,SUHANI,25,2016-09-19,FEMALE,ACCOUNTS,46200,SONIPAT,62837
1233,SOHAIL,28,2016-07-18,MALE,HR,66000,"New Delhi",89278
1234,RONAK,27,2019-12-03,FEMALE,SALES,27500,PANIPAT,67878
1235,RAUNAK,23,2020-03-28,MALE,PRODUCTION,33000,KARNAL,61556
1236,ABHISHEK,29,2017-08-29,MALE,PURCHASE,30800,GONDA,94145
1237,ABHAY,22,2015-06-21,MALE,PRODUCTION,33000,SIRSA,96057
1238,ADITYA,20,2023-02-16,MALE,SALES,19800,"New Delhi",97849
1239,ANJALI,21,2022-05-16,FEMALE,ACCOUNTS,27500,SONIPAT,11076
1240,PAYAL,23,2022-12-03,FEMALE,SALES,22000,"New Delhi",21832
1241,"AMAN KUMAR",22,2022-04-15,MALE,PURCHASE,30800,NOIDA,65932
1242,"AMAN SHARMA",24,2022-06-18,MALE,PRODUCTION,28600,GONDA,74164
1243,ANAND,26,2023-05-16,MALE,DBA,33000,PANIPAT,73025
1246,DIVYANSHI,22,2022-12-25,FEMALE,"SALES EXECUTIVE",20900,"New Delhi",52546
1248,HITESH,24,2022-08-12,MALE,DA,38500,SONIPAT,74683
1249,KARAN,23,2023-02-20,MALE,BA,72600,GOHANA,92020
1250,KHUSHI,20,2023-07-19,FEMALE,SALES,33000,"New Delhi",46054
1251,KHUSHBOO,21,2023-05-20,FEMALE,ACCOUNTS,33000,SONIPAT,34208
1252,KOMAL,27,2018-12-16,FEMALE,BA,38500,NOIDA,22877
1253,SAKSHI,29,2021-11-15,FEMALE,DA,66000,PANIPAT,91762
1254,SOMYA,25,2021-10-13,FEMALE,ACCOUNTS,38500,HISAR,20177
1255,DHANYA,26,2019-10-19,FEMALE,SALES,26400,KARNAL,85602
1256,MAHESH,34,2014-06-14,MALE,PURCHASE,31900,TOHANA,87479
1257,UMESH,36,2013-05-16,MALE,PRODUCTION,34100,JIND,80589
1258,HARSHIT,38,2012-08-26,MALE,PRODUCTION,35200,NARWANA,40507
1259,HIMESH,40,2011-04-24,MALE,PURCHASE,30800,KAITHAL,40767
1260,ASHUTOSH,42,2008-12-09,MALE,PRODUCTION,29700,AMBALA,72316
1261,ZAIN,45,2006-05-16,MALE,SALES,27500,KURUKSHETRA,49278
1262,YASHIKA,33,2017-06-25,FEMALE,ACCOUNTS,33000,PALWAL,19440
1263,VANSHIKA,29,2016-09-01,FEMALE,SALES,35200,SONIPAT,29368
1264,YANSHIIKA,25,2020-08-05,FEMALE,PURCHASE,28600,"New Delhi",78519
1265,YASH,29,2014-05-29,MNALE,PRODUCTION,26400,Analyst,24490
1266,ROHIT,30,2012-12-16,MALE,BA,93600,NOIDA,56892
1267,RAMIT,32,2015-11-14,MALE,DA,68640,BHOPAL,20993
1268,ISHANI,33,2017-02-14,FEMALE,SALES,28600,HISAR,14290
1269,VIRAT,35,2012-03-04,MALE,BA,100800,"New Delhi",88469
1270,CHAMAN,38,2010-10-27,MALE,PRODUCTION,34100,SIRSA,29475
1271,USMAN,31,2016-10-31,MALE,HELPER,19800,"New Delhi",51966
1272,SOPHIE,36,2014-11-28,FEMALE,SR.EXECUTIVE,38500,AMBALA,71408
1273,SHANTANU,38,2010-05-29,MALE,PRODUCTION,33000,YAMUNANAGR,11140
1274,"SHIVANI TYAGI",28,2017-06-25,FEMALE,SALES,27500,SONIPAT,11478
1275,"KHUSHI BHARDWAJ",27,2018-08-24,FEMALE,PURCHASE,25300,PANIPAT,13969
1276,AARZOO,24,2022-12-23,FEMALE,SALES,29700,KARNAL,25410
1277,JANVI,22,2021-10-23,FEMALE,PRODUCTION,30800,REWARI,75145
1278,DEEPANSHU,26,2019-09-30,MALE,HELPER,16500,GORAKHPUR,19494
1279,VISHAL,23,2020-12-12,MALE,ADVERTISEMENT,35200,GURUGRAM,42033
1280,KUSHAL,24,2021-10-26,MALE,ADVERTISEMENT,37400,SIRSA,51685
1281,MANAV,25,2019-10-14,MALE,HELPER,38500,KARNAL,32327
1282,"MOHAN KUMAR",27,2017-04-20,MALE,ACCOUNTS,24200,SHIMLA,86579
1283,"MUKESH CHAUDHARY",28,2016-05-16,MALE,ADVERTISEMENT,29700,GONDA,55914
1284,"MAHEESH TEEKSHNA",27,2020-06-17,MALE,HELPER,30800,PRAYAGRAJ,99833
1285,"JASON ROY",30,2021-08-23,MALE,PURCHASE,33000,KOLKATA,51423
1286,SUNIL,32,2014-05-16,MALE,PRODUCTION,38500,PUNE,37616
1287,SUSHILA,36,2015-07-15,FEMALE,SALES,29700,SONIPAT,23813
1288,"SUHANI JINDAL",35,2016-08-21,FEMALE,ADVERTISEMENT,34100,NOIDA,86214
1289,SUPRIYA,36,2014-09-13,FEMALE,SALES,38500,GURUGRAM,79633
1290,SONIKA,38,2012-10-31,FEMALE,PRODUCTION,27500,"New Delhi",39522
1291,"SONAL MALIK",29,2018-06-14,FEMALE,BA,49500,BHIWANI,38713
1292,HARPREET,21,2023-05-16,MALE,PURCHASE,29700,PUNJAB,64998
1293,MANPREET,23,2022-02-17,MALE,BA,38500,CHANDIGARH,18850
1294,SUKHPREET,25,2022-11-13,FEMALE,DA,42900,AMRITSAR,69257
1295,"AMAN ANTIL",26,2020-05-14,MALE,BA,44000,RAMGARH,99735
1296,"SOHIT RANA",27,2019-07-18,MALE,PURCHASE,38500,BHADURGARH,10905
1297,"RAJ KUNDRA",28,2020-10-16,MALE,PRODUCTION,39600,"New Delhi",15320
1298,RAMNIK,27,2021-12-21,MALE,PURCHASE,39600,NOIDA,33882
1299,ROSHAN,26,2019-01-31,MALE,SALES,38500,MIRZAPUR,23454
1300,RAUNIT,28,2019-10-18,MALE,ADVERTISEMENT,37400,AMBALA,95622
1302,"GOURAV ANTIL",21,2003-05-15,MALE,SALES,44000,SONIPAT,71869
1303,"SACHIN SHARMA",21,2003-08-25,MALE,MANAGER,66000,SONIPAT,56103
1310,"RAJIV DEMBLA",30,2016-12-22,MALE,BA,79200,"New Delhi",17298
1311,"HITESH RANA",24,2010-10-10,MALE,DA,49500,HARYANA,45403
1315,KUMUD,21,2021-10-10,FEMALE,SR.MANAGER,115200,"New Delhi",79983
1316,"KIRTI DHULL",25,2020-09-09,FEMALE,SALES,49500,"New Delhi",85005
1317,MUKUL,21,2023-09-10,MALE,SALES,22000,SONIPAT,85074
1318,"HIMANSHU SINGH",22,2023-10-12,MALE,MARKETING,48400,PATNA,70357
1321,"GAURAV ROY",21,2022-01-21,MALE,SALES,16500,GOA,69045
1322,RAVINDR,32,2020-10-10,MALE,WORKER,5500,RJ,59983
1324,ARJUN,45,2020-12-31,MALE,DA,66000,MEERUT,43952
1325,"YASH RANA",41,2001-10-10,MALE,CE,18700,"New Delhi",51418
1329,MERCY,29,2023-09-23,MALE,WORKER,19800,"New Delhi",73749
1330,GOLDY,41,2020-02-19,MALE,WORKER,20900,"New Delhi",17036
1331,AJJU,39,2003-05-20,MALE,WORKER,23100,"New Delhi",33934
1333,"MOHIT KAUSHIK",35,2008-08-23,MALE,SALES,20900,SONIPAT,71014
1336,"KOMAL PANWAR",22,2023-04-25,FEMALE,OPERATIONS,40150,GURUGRAM,21116
1339,ANGAD,41,2021-10-19,MALE,SALES,29150,"New Delhi",61909
1340,"MANIK SHAH",27,2020-01-10,MALE,SALES,23672,"New Delhi",69146
1343,EDITH,22,2002-02-02,MALE,CEO,1440000,PANIPAT,42919
1344,TONI,31,2007-07-21,MALE,CEO,1512000,CANADA,46834
1345,STEVE,61,2009-09-09,MALE,HELPER,10998.9,"NEW YORK",95412
1350,CHADVIK,45,2014-04-14,MALE,MANAGER,113760,NEWÂ YORK,20635
1351,"CHAVI KAPOOR",39,2014-06-30,FEMALE,HR,39600,SYDNEY,15142
1352,"RAM MALHOTRA",35,2016-12-31,MALE,"DATA SCIENCE",144000,"CAPE TOWN",93803
1353,"SANJAY CHAUHAN",36,2020-10-30,MALE,BA,79200,RAJHASTAN,53588
1355,KISHAN,28,2018-10-19,MALE,PRODUCTION,34100,JABALPUR,71891
1356,KISHOR,27,2019-05-23,MALE,SALES,35200,GOA,59863
1358,PUSHPA,36,2012-04-26,FEMALE,"SALES EXECUTIVE",22000,KARNAL,88618
1360,RAKHI,26,2020-05-17,FEMALE,MARKETING,27500,SONIPAT,64969
1361,PRACHI,25,2019-09-18,FEMALE,MARKETING,28600,NOIDA,38354
1362,SHIVAM,27,2018-05-16,MALE,PURCHASE,27500,"New Delhi",76861
1363,RAYDU,28,2019-04-14,MALE,PRODUCTION,29700,KARNAL,79242
1364,"JOS BUTTLER",31,2018-05-12,MALE,BA,79200,ENGLAND,65628
1369,MANJULIKA,36,2016-03-13,FEMALE,SALES,28600,SONIPAT,85922
1370,ANABELLA,38,2010-05-16,FEMALE,PRODUCTION,28600,PANIPAT,65563
1371,"ANUSHKA KAPOOR",34,2015-02-16,FEMALE,SALES,26400,SIRSA,60048
1372,ALIA,30,2019-03-13,FEMALE,SALES,27500,KAITHAL,93550
1375,PINKU,27,2020-08-17,MALE,PRODUCTION,29700,BHIWANI,54096
1376,PRAVEEN,26,2021-08-17,MALE,PURCHASE,25300,REWARI,28331
1377,PRINCE,30,2022-09-15,MALE,PRODUCTION,31900,SANPLA,59367
1380,"KUNAL KAUSHIK",29,2014-09-19,MALE,PRODUCTION,27500,BIJNOR,70015
1381,AMIT,32,2016-07-26,MALE,PURCHASE,39600,SONIPAT,36752
1382,SIYA,27,2021-07-27,FEMALE,SALES,33000,NOIDA,53712
1383,RISHU,30,2019-06-07,MALE,PRODUCTION,29700,BHIWANI,58306
1384,TINU,32,2020-12-07,MALE,ACCOUNTS,51700,SIRSA,30394
1385,"BHUMIKA SAROHA",24,2019-02-14,FEMALE,SALES,39600,"New Delhi",57051
1386,"RANI SINGH",31,2017-01-27,FEMALE,HELPER,19800,GONDA,94072
1387,TINKU,27,2022-09-15,MALE,PRODUCTION,27500,REWARI,19206
1388,RISHIKA,24,2021-11-07,FEMALE,PURCHASE,40700,PANIPAT,73816
1389,"PANAKJ SHARMA",35,2012-10-06,MALE,DA,38500,GORAKHPUR,31462
1390,ANISHKA,24,2020-01-26,FEMALE,BA,29700,GOA,15860
1391,ARPITA,24,2021-04-25,FEMALE,MARKETING,44000,JAIPUR,64914
1392,ARPIT,27,2018-10-15,MALE,PRODUCTION,34100,NUH,86990
1393,"AMIT SHAH",30,2020-08-17,MALE,PRODUCTION,29700,BHIWANI,50209
1394,NARENDER,29,2018-11-12,FEMALE,HELPER,22000,SONIPAT,70077
1395,"ROHIT KAUSHIK",40,2012-07-27,FEMALE,SALES,35200,PANIPAT,99755
1396,SANU,24,2021-09-18,MALE,PURCHASE,38500,SIRSA,98544
1398,"RAHUL ROY",30,2017-04-27,MALE,ACCOUNTS,28600,ROHTAK,71644
1399,VANYA,30,2021-06-16,FEMALE,SALES,33000,SIRSA,67856
1400,"RAMESH SINGH",27,2020-08-17,MALE,PRODUCTION,29700,SINGAPORE,24349
1405,SONU,32,2020-04-05,MALE,HELPER,20900,MADRAS,83707
1408,"OM PRAKSH",30,2016-05-15,MALE,SALES,38500,BHOPAL,25373
1409,"SHIKHA ROY",27,2018-03-18,MALE,ASST.MANAGER,44000,PRAYAGRAJ,59562
1411,Ava,29,2012-09-20,FEMALE,IT,39600,"NEW YORK",59767
1413,Sophia,26,2013-02-15,FEMALE,HR,35200,CHICAGO,59507
1417,Lucas,28,2012-04-03,MALE,IT,36300,SEATTLE,16217
1418,Mia,25,2013-07-25,FEMALE,SALES,30800,CHICAGO,86451
1422,Alexander,26,2013-05-15,MALE,SALES,35200,BOSTON,76500
1424,Michael,27,2015-08-18,MALE,IT,31900,SEATTLE,25557
1429,Avery,27,2015-02-20,FEMALE,HR,38500,"SAN FRANCISCO",30538
1433,Aria,27,2015-09-18,FEMALE,SALES,31900,"NEW YORK",81792
1434,Alexander,31,2010-04-10,MALE,MARKETING,34100,BOSTON,62836
1435,Luna,28,2012-07-03,FEMALE,IT,36300,"SAN FRANCISCO",58806
1436,Jackson,25,2013-09-25,MALE,OPERATIONS,30800,"LOS ANGELES",95519
1438,Sebastian,27,2015-03-20,MALE,SALES,38500,BOSTON,79327
1439,Evelyn,30,2011-12-12,FEMALE,MARKETING,30800,SEATTLE,53104
1440,Aiden,26,2013-07-15,MALE,OPERATIONS,35200,"NEW YORK",17538
1442,Zoe,27,2015-10-18,FEMALE,SALES,31900,CHICAGO,69287
1444,Penelope,28,2012-08-03,FEMALE,HR,36300,"SAN FRANCISCO",78610
1445,Jack,25,2013-10-25,MALE,OPERATIONS,30800,"LOS ANGELES",79167
1446,Lily,29,2014-12-15,FEMALE,SALES,33000,CHICAGO,60003
1448,Nora,30,2011-01-12,FEMALE,MARKETING,30800,"NEW YORK",72573
1449,Samuel,26,2013-08-15,MALE,OPERATIONS,35200,BOSTON,15316
1450,Hazel,28,2014-12-01,FEMALE,SALES,37400,"SAN FRANCISCO",28861
1453,Mila,28,2012-09-03,FEMALE,HR,36300,SEATTLE,10921
1454,Gabriel,25,2013-11-25,MALE,SALES,30800,"NEW YORK",89012
1461,"Ethan mob",29,2013-07-20,MALE,IT,39600,"NEW YORK",21787
1462,"Ava nichs",26,2015-04-10,FEMALE,HR,31900,"LOS ANGELES",60945
1463,"Liam gibert",30,2011-06-05,MALE,OPERATIONS,34100,CHICAGO,49361
1464,"Olivia salvatore",27,2014-04-15,FEMALE,MARKETING,35200,"SAN FRANCISCO",53972
1465,"Noah petrova",31,2010-09-12,MALE,SALES,33000,SEATTLE,21776
1467,"Jackson jos",25,2015-01-10,MALE,HR,30800,"LOS ANGELES",59493
1470,"Isabella drone",31,2010-04-15,FEMALE,OPERATIONS,31900,SEATTLE,82194
1471,"Lucas michale",28,2013-07-20,MALE,IT,37400,"LOS ANGELES",27822
1472,"Emma robinson",25,2015-04-10,FEMALE,HR,31900,"NEW YORK",62530
1474,"Oliver murphy",27,2014-04-15,MALE,MARKETING,35200,"SAN FRANCISCO",88335
1476,"Ethan tongue",28,2012-07-15,MALE,IT,39600,BOSTON,35591
1477,"Ava wood",25,2015-01-10,FEMALE,HR,30800,"LOS ANGELES",35596
1478,"Noah anderson",30,2011-03-15,MALE,SALES,33000,CHICAGO,61209
1479,"Isabella broad",28,2013-07-05,FEMALE,MARKETING,35200,"SAN FRANCISCO",99256
1480,"Liam roy",31,2010-04-15,MALE,OPERATIONS,31900,SEATTLE,32655
1481,"Aiden markram",27,2013-08-20,MALE,IT,37400,"LOS ANGELES",35507
1490,"Ethan johnson",31,2010-04-15,MALE,OPERATIONS,31900,SEATTLE,60573
1491,"Emma mcgrath",28,2013-08-20,FEMALE,IT,37400,"LOS ANGELES",97365
1493,"Oliver john",29,2011-06-05,MALE,OPERATIONS,34100,CHICAGO,93430
1494,"Ava michel",26,2014-04-15,FEMALE,MARKETING,35200,"SAN FRANCISCO",21837
1495,"Liam latham",30,2010-09-12,MALE,SALES,33000,SEATTLE,88893
1498,"Sophia smith",30,2011-03-15,FEMALE,SALES,33000,CHICAGO,63569
1499,"Lucas marsh",28,2013-07-05,MALE,MARKETING,35200,"SAN FRANCISCO",13588
1500,"Oliver jakson",31,2010-04-15,MALE,OPERATIONS,31900,SEATTLE,47236
1506,Akshay,33,2022-08-19,MALE,ENGINEERING,76560,"New Delhi",68875
1507,Deepika,28,2023-02-14,FEMALE,SALES,53900,MUMBAI,59010
1540,Akshay,30,2021-09-05,MALE,OPERATIONS,72600,HYDERABAD,49724
1542,Ritu,28,2022-06-08,FEMALE,SALES,52800,MUMBAI,36419
1545,Megha,27,2020-07-18,FEMALE,OPERATIONS,73920,HYDERABAD,94003
1546,Varun,31,2018-08-19,MALE,ENGINEERING,71280,KOLKATA,86683
1550,Kiran,27,2018-07-12,MALE,ENGINEERING,71280,PUNE,52213
1551,Aarav,25,2021-06-11,MALE,ENGINEERING,75240,"New Delhi",39197
1552,Isha,28,2022-02-28,FEMALE,SALES,53900,MUMBAI,29347
1554,Kriti,29,2023-01-14,FEMALE,HR,69960,CHENNAI,87680
1556,Rahul,34,2018-04-19,MALE,ENGINEERING,76560,"New Delhi",51797
1567,Anaya,28,2023-01-12,FEMALE,SALES,53900,MUMBAI,98336
1577,Sujata,35,2019-11-22,FEMALE,MARKETING,81840,"New Delhi",49280
1579,Megha,28,2020-04-05,FEMALE,SALES,69960,PUNE,37138
1583,Dhruv,31,2020-09-23,MALE,MARKETING,80520,BANGALORE,55555
1585,Lokesh,26,2021-11-07,MALE,OPERATIONS,72600,HYDERABAD,46695
1606,Nandini,29,2021-03-08,FEMALE,SALES,52800,MUMBAI,73495
1650,Deepika,34,2019-02-19,FEMALE,ENGINEERING,76560,"New Delhi",75564
1652,Alok,29,2020-07-06,MALE,MARKETING,80520,BANGALORE,41230
1653,Sujata,26,2022-04-18,FEMALE,HR,69960,CHENNAI,83398
1655,Prakash,31,2019-11-29,MALE,ENGINEERING,75240,"New Delhi",76308
1662,Varun,31,2023-07-06,MALE,MARKETING,80520,BANGALORE,13742
1692,Gitanjali,28,2020-07-06,FEMALE,MARKETING,80520,BANGALORE,67465
1716,Priya,26,2023-03-10,FEMALE,SALES,52800,"New Delhi",44383
1726,Varun,27,2021-03-08,MALE,SALES,52800,MUMBAI,25031
1730,Alok,34,2019-02-19,MALE,ENGINEERING,76560,"New Delhi",56335
1734,Himanshu,29,2021-09-05,MALE,OPERATIONS,72600,HYDERABAD,15519
1736,Neha,26,2022-06-08,FEMALE,SALES,52800,MUMBAI,56821
1753,Tarun,29,2019-12-03,MALE,SALES,68640,PUNE,78668
1771,Kriti,31,2023-01-12,FEMALE,SALES,53900,MUMBAI,41374
1780,Arjun,34,2018-04-19,MALE,ENGINEERING,76560,"New Delhi",12279
1784,Sneha,30,2020-10-05,FEMALE,OPERATIONS,72600,HYDERABAD,77196
1788,Lalita,27,2020-05-25,FEMALE,HR,68640,CHENNAI,13806
1807,Ritu,30,2020-08-12,FEMALE,MARKETING,79200,BANGALORE,97785
1808,Tarun,28,2022-05-25,MALE,HR,68640,CHENNAI,23513
1813,Megha,33,2022-04-18,FEMALE,HR,69960,CHENNAI,50809
1817,Aarav,29,2021-08-21,MALE,MARKETING,79200,BANGALORE,76567
1829,Gaurav,33,2021-07-18,MALE,OPERATIONS,73920,HYDERABAD,45383
1830,Jaya,32,2019-08-25,FEMALE,MARKETING,79200,"New Delhi",65081
1834,Sneha,32,2019-11-04,FEMALE,ENGINEERING,75240,HYDERABAD,33804
1839,Anaya,29,2020-10-05,FEMALE,OPERATIONS,73920,HYDERABAD,62953
1844,Mohan,26,2022-11-22,MALE,OPERATIONS,72600,HYDERABAD,60916
1849,Seema,29,2021-07-18,FEMALE,OPERATIONS,73920,HYDERABAD,53167
1863,Amit,33,2021-03-18,MALE,HR,69960,CHENNAI,23077
1867,Mohan,30,2022-08-12,MALE,MARKETING,79200,BANGALORE,25177
1883,Sneha,29,2020-05-18,FEMALE,HR,69960,CHENNAI,90058
1898,Kiran,31,2023-05-14,FEMALE,HR,68640,CHENNAI,12075
1899,Dhruv,27,2020-07-18,MALE,OPERATIONS,73920,HYDERABAD,93910
1918,Neha,32,2021-04-18,FEMALE,HR,68640,CHENNAI,57805
1945,Kriti,32,2019-09-30,FEMALE,ENGINEERING,75240,"New Delhi",57447
1951,Prakash,30,2020-07-16,MALE,OPERATIONS,71280,BANGALORE,44399
1962,Gaurav,31,2021-07-06,MALE,MARKETING,80520,BANGALORE,37113
1965,Lalita,32,2019-09-30,FEMALE,ENGINEERING,75240,"New Delhi",26205
1975,Sujata,32,2019-11-29,FEMALE,ENGINEERING,75240,"New Delhi",34298
1992,Ritu,28,2021-05-29,FEMALE,ENGINEERING,73920,CHENNAI,71384
2021,NEETU,37,2020-09-20,FEMALE,PRODUCTION,49500,PUNJAB,78092
2051,Shalini,35,2018-05-09,MALE,HR,72600,GOA,67573
2052,ANIKET,21,2012-05-08,MALE,ANALYST,144000,"New Delhi",70103
2069,RAKESH,21,2019-07-13,MALE,PEON,1210,"New Delhi",13524
2071,SHUBHAM,23,2015-02-23,MALE,ANALYST,66000,"New Delhi",75963
2074,RAHUL,26,2019-02-05,MALE,"SALES EXECUTIVE",46200,PATNA,28247
2076,MEENA,34,2013-09-16,FEMLAE,HR,46200,RAJASTHAN,87633
2080,MAMTA,29,2012-11-18,FMELAE,ANALYST,49500,ODISHA,96638
2093,KARAMVIR,50,2009-11-30,MALE,MANAGER,67320,HARYANA,30578
2106,DIWAN,48,2013-04-09,MALE,"SALES EXCUTIVE",93600,HARYANA,25562
2134,NEHA,20,2018-10-13,FEMALE,SALESMAN,49500,MAHARASTRA,99184
2138,HEENA,25,2012-02-28,FEMALE,HR,93600,GUJARAT,73563
2148,SONI,23,2020-07-26,FEMALE,MANAGER,115200,BIHAR,45619
2149,SUBHANIA,26,2016-12-12,FMALE,ACCOUNTANT,129600,"JAMMU & KASHMIR",72851
2151,SUMIT,40,2018-05-09,MALE,HR,72600,GOA,48445
2165,AMAN,29,2019-11-13,MALE,PRODUCTION,44000,GOA,39996
2177,Sahil,34,2013-09-16,male,HR,46200,RAJASTHAN,58954
2182,arohi,25,2012-11-18,FMELAE,ANALYST,49500,ODISHA,47377
2185,SANIA,22,2020-07-25,FEMALE,ACCOUNTANT,66000,MUMBAI,36328
2189,JANKI,39,2019-08-25,FEMALE,MANAGER,108000,UTTARAKHAND,80002
2277,BALU,12,2014-07-12,MALE,ANALYST,39600,"TAMIL NADU",67287
2279,SHANTI,25,2022-03-31,FEMALE,"PRODUCTION MANAGER",80520,PUNJAB,91152
2288,DIWAN,48,2013-04-09,MALE,"SALES EXECUTIVE",93600,HARYANA,60598
2301,AKASH,22,2022-06-08,MALE,IT,33000,"New Delhi",35754
2303,AKSHAY,30,2010-06-14,MALE,IT,79200,"New Delhi",77652
2305,UJJWAL,26,2016-04-15,MALE,MARKETING,187200,GURUGRAM,73611
2306,AMAN,28,2022-06-08,MALE,SALES,432000,"New Delhi",78116
2307,AKANSHA,22,2022-06-08,FEMALE,HR,33000,GURUGRAM,69747
2308,PRINCE,25,2022-06-08,MALE,IT,35200,NOIDA,14386
2309,UNMESH,25,2022-06-08,MALE,IT,40700,"New Delhi",32689
2310,"TANYA ",22,2022-06-08,FEMALE,SALES,66000,GURUGRAM,20288
2311,PARUL,22,2022-06-08,FEMALE,ANALYST,79200,GURUGRAM,83371
2312,JOYA,26,2022-06-08,FEMALE,IT,100800,GURUGRAM,75994
2313,NIKHIL,27,2022-06-08,MALE,HR,79200,"New Delhi",29855
2314,VAIBHAB,32,2022-06-08,MALE,MANAGEMENT,432000,"New Delhi",91292
2315,RAVI,42,2022-06-08,MALE,FINANCE,432000,GURUGRAM,86896
2316,AJAY,52,2022-06-08,MALE,FINANCE,432000,"New Delhi",60605
2317,ABDUL,22,2022-02-08,MALE,MARKETING,288000,"New Delhi",32335
2318,ABBAS,22,2022-03-18,MALE,HR,38500,"New Delhi",59863
2319,MESSI,36,2022-06-08,MALE,IT,547200,"New Delhi",12307
2320,RONALDO,39,2022-07-18,MALE,IT,676800,"New Delhi",51945
2321,SAKSHI,22,2022-06-08,FEMALE,MARKETING,115200,"New Delhi",32806
2323,VIPUL,22,2022-06-08,MALE,FINANCE,129600,"New Delhi",62553
2324,SOBIT,22,2022-06-08,MALE,FINANCE,129600,NOIDA,38184
2325,SUMAN,23,2022-06-08,FEMALE,FINANCE,115200,"New Delhi",83261
2326,"TANYA ROY",22,2022-06-08,FEMALE,FINANCE,33000,"New Delhi",21751
2327,TARUN,26,2022-06-08,MALE,MARKETING,331200,NOIDA,28974
2328,KOMAL,22,2022-06-08,FEMALE,MARKETING,331200,"New Delhi",69618
2330,VIPIN,55,2022-06-08,MALE,MARKETING,475200,GURUGRAM,46974
2331,VIRAT,27,2022-02-08,MALE,ANALYST,460800,"New Delhi",11375
2337,RABI,52,2009-05-08,MALE,ANALYST,129600,NOIDA,59646
2338,ARJUN,42,2002-06-08,MALE,ANALYST,115200,NOIDA,39879
2340,PARAG,52,2022-06-09,MALE,ANALYST,187200,GURUGRAM,12653
2344,HARRY,26,2022-06-13,MALE,ANALYST,446400,"New Delhi",64355
2345,MUKUL,25,2022-06-01,MALE,IT,115200,"New Delhi",66486
2346,BABLU,24,2022-06-03,MALE,SALES,33000,"New Delhi",39367
2347,SWARAJ,32,2022-06-06,MALE,IT,33000,NOIDA,77375
2350,AMIR,52,2022-11-08,MALE,IT,66000,"New Delhi",62460
2351,DHONI,21,2022-10-08,MALE,IT,79200,"New Delhi",27024
2352,DIVYA,27,2022-06-08,FEMALE,MANAGEMENT,475200,"New Delhi",27740
2353,DISHA,22,2022-06-08,FEMALE,IT,100800,"New Delhi",47631
2354,DIKSHA,42,2021-06-08,FEMALE,SALES,44000,"New Delhi",54933
2355,ACHINT,52,1999-10-08,FEMALE,ANALYST,79200,"New Delhi",31772
2356,SURBHI,44,2014-08-08,FEMALE,ANALYST,100800,NOIDA,74060
2357,"ISHIKA ",52,2020-06-08,FEMALE,SALES,11000,"New Delhi",84985
2359,ANAMICA,42,2022-06-08,MALE,IT,33000,"New Delhi",68766
2360,YUVRAJ,22,2022-06-08,MALE,IT,33000,"New Delhi",25596
2361,TUSHAR,45,2022-06-08,MALE,IT,129600,"New Delhi",91685
2362,YOGITA,22,2022-06-08,FEMALE,SALES,66000,NOIDA,11636
2363,SEEMA,26,2022-06-08,FEMALE,HR,40700,"New Delhi",43124
2364,KASHISH,24,2022-06-08,FEMALE,IT,33660,"New Delhi",80714
2365,KRITIKA,32,2022-06-08,FEMALE,SALES,33000,NOIDA,84199
2366,KIRTI,22,2022-06-08,FEMALE,IT,36300,"New Delhi",78851
2367,PRIYANSHU,22,2022-06-08,MALE,IT,33000,"New Delhi",41660
2368,ANSHIK,27,2022-06-08,MALE,HR,33000,"New Delhi",51748
2369,KARAN,25,2022-06-08,MALE,HR,33000,NOIDA,33758
2370,PRATHAM,25,2022-07-09,MALE,ANALYST,79200,"New Delhi",93548
2371,ANKIT,22,2022-06-08,MALE,MARKETING,44000,"New Delhi",86464
2372,"ROHIT SHARMA",22,2022-06-08,MALE,SALES,374400,NOIDA,51675
2373,"AMAN DEEP",23,2022-06-08,MALE,IT,331200,NOIDA,78983
2374,"AKASH YADAV",22,2022-06-08,MALE,IT,187200,NOIDA,49890
2375,"AKASH KUMAR",26,2021-12-19,MALE,IT,331200,NOIDA,92500
2376,"AKASH SHARMA",22,2022-06-08,MALE,IT,33000,"New Delhi",32833
2377,"AVINASH BHATT",25,2018-06-07,MALE,SALES,46200,GURUGRAM,56662
2378,"AKSHAY KHANNA",30,2010-06-14,MALE,IT,79200,"New Delhi",84814
2379,"ABHISHEK SHARMA",50,1999-06-12,MALE,SALES,144000,GURUGRAM,64083
2380,"UJJWALYADAV ",26,2016-04-15,MALE,MARKETING,187200,GURUGRAM,55973
2381,"AMAN SHOKEEN",28,2022-06-08,MALE,SALES,432000,"New Delhi",77617
2382,"AKANSHA RANA",22,2022-06-08,FEMALE,HR,33000,GURUGRAM,30167
2383,"PRINCE YADAV",25,2022-06-08,MALE,IT,35200,NOIDA,87982
2384,DRUV,25,2022-06-08,MALE,IT,40700,"New Delhi",69410
2385,"TANYA NEGI ",22,2022-06-08,FEMALE,SALES,66000,GURUGRAM,73106
2386,"PARUL TRIPATHI",22,2022-06-08,FEMALE,ANALYST,79200,GURUGRAM,57297
2388,"NIKHIL YADAV",27,2022-06-08,MALE,HR,79200,"New Delhi",13952
2389,"VAIBHAB SHARMA",32,2022-06-08,MALE,MANAGEMENT,432000,"New Delhi",68255
2390,"RAVI SHANKAR",42,2022-06-08,MALE,FINANCE,432000,GURUGRAM,19417
2391,"AJAY SHANKAR",52,2022-06-08,MALE,FINANCE,432000,"New Delhi",62323
2392,DISHANT,22,2022-02-08,MALE,MARKETING,288000,"New Delhi",63362
2393,"ABBAS KHAN",22,2022-03-18,MALE,HR,38500,"New Delhi",29841
2394,JATIN,36,2022-06-08,MALE,IT,547200,"New Delhi",39118
2395,JAMES,39,2022-07-18,MALE,IT,676800,"New Delhi",96067
2396,"SAKSHI RANA",22,2022-06-08,FEMALE,MARKETING,115200,"New Delhi",82982
2397,"NEHA SINGH",22,2022-06-08,FEMALE,FINANCE,129600,"New Delhi",26710
2398,"VIPUL ROY",22,2022-06-08,MALE,FINANCE,129600,"New Delhi",54603
2399,SUBH,22,2022-06-08,MALE,FINANCE,129600,NOIDA,92886
2400,SIKHA,23,2022-06-08,FEMALE,FINANCE,115200,"New Delhi",20621
2402,"TARUN YADAV",26,2022-06-08,MALE,MARKETING,331200,NOIDA,80370
2407,RACHIT,28,2022-02-08,MALE,ANALYST,446400,"New Delhi",25613
2409,SUNIL,42,2022-04-08,MALE,ANALYST,763200,GURUGRAM,21379
2415,"PARAG ROY",52,2022-06-09,MALE,ANALYST,187200,GURUGRAM,46187
2417,PARINEETA,27,2019-06-28,FEMALE,HR,33550,"New Delhi",16687
2418,"PULKIT YADAV",28,2020-06-12,MALE,IT,432000,GURUGRAM,64288
2419,"HARRY SINGH",26,2022-06-13,MALE,ANALYST,446400,"New Delhi",81377
2420,"MUKUL ROY",25,2022-06-01,MALE,IT,115200,"New Delhi",24023
2422,"SWARAJ SINGH",32,2022-06-06,MALE,IT,33000,NOIDA,57855
2425,"AMIR KHAN",52,2022-11-08,MALE,IT,66000,"New Delhi",21187
2426,SHIV,21,2022-10-08,MALE,IT,79200,"New Delhi",56850
2427,"DIVYA RAY",27,2022-06-08,FEMALE,MANAGEMENT,475200,"New Delhi",30689
2430,"ACHINT RAO",52,1999-10-08,FEMALE,ANALYST,79200,"New Delhi",53365
2431,"SURBHI RANA",44,2014-08-08,FEMALE,ANALYST,100800,NOIDA,69593
2433,RAHUL,33,2021-06-08,MALE,IT,446400,GURUGRAM,40570
2434,"ANAMICA DEB",42,2022-06-08,MALE,IT,33000,"New Delhi",19241
2440,"KRITIKA RANA",32,2022-06-08,FEMALE,SALES,33000,NOIDA,22017
2446,"ANKIT KUMAR",22,2022-06-08,MALE,MARKETING,44000,"New Delhi",52020
2448,"AMAN YADAV",23,2022-06-08,MALE,IT,331200,NOIDA,25700
2450,RHANE,26,2021-12-19,MALE,IT,331200,NOIDA,20121
2452,"AVINASH YADAY",25,2018-06-07,MALE,SALES,46200,GURUGRAM,60998
2453,"AKSHAY Singh",30,2010-06-14,MALE,IT,79200,"New Delhi",36174
2455,"UJJWAL RANA",26,2016-04-15,MALE,MARKETING,187200,GURUGRAM,90857
2456,"AMAN KUMAR",28,2022-06-08,MALE,SALES,432000,"New Delhi",30658
2458,"PRINCE SINGH",25,2022-06-08,MALE,IT,35200,NOIDA,61621
2459,URVASHI,25,2022-06-08,FEMALE,IT,40700,"New Delhi",55946
2462,"JOYA SINGH",26,2022-06-08,FEMALE,IT,100800,GURUGRAM,67911
2464,"VAIBHAB YADAV",32,2022-06-08,MALE,MANAGEMENT,432000,"New Delhi",76496
2465,"RAVI KUMAR",42,2022-06-08,MALE,FINANCE,432000,GURUGRAM,72342
2467,"ABDUL KALAM",22,2022-02-08,MALE,MARKETING,288000,"New Delhi",24086
2468,"ABBAS FAISAN",22,2022-03-18,MALE,HR,38500,"New Delhi",13763
2469,MBAPPE,24,2022-06-08,MALE,IT,547200,"New Delhi",76556
2476,KUSUM,22,2022-06-08,FEMALE,FINANCE,33000,"New Delhi",97539
2477,"TARUN RAO",26,2022-06-08,MALE,MARKETING,331200,NOIDA,33514
2480,"VIPIN RAWAT",55,2022-06-08,MALE,MARKETING,475200,GURUGRAM,66297
2481,"KL RAHUL",27,2022-02-08,MALE,ANALYST,460800,"New Delhi",68789
2482,SHIKHAR,28,2022-02-08,MALE,ANALYST,446400,"New Delhi",45054
2484,KUNTAL,42,2022-04-08,MALE,ANALYST,763200,GURUGRAM,79351
2485,YUVANSH,52,2021-04-08,MALE,HR,39600,"New Delhi",90047
2486,"ROHAN YADAV",27,2022-04-08,MALE,ANALYST,115200,"New Delhi",22180
2487,HARSHIT,52,2009-05-08,MALE,ANALYST,129600,NOIDA,10761
2489,MAULIK,32,2023-06-08,MALE,ANALYST,187200,"New Delhi",24038
2490,GREASH,52,2022-06-09,MALE,ANALYST,187200,GURUGRAM,88399
2492,"PREETI SHARMA",27,2019-06-28,FEMALE,HR,33550,"New Delhi",84203
2493,"PULKIT KUMAR",28,2020-06-12,MALE,IT,432000,GURUGRAM,51377
2494,HIMANSHU,26,2022-06-13,MALE,ANALYST,446400,"New Delhi",84274
2495,RONAK,25,2022-06-01,MALE,IT,115200,"New Delhi",77238
2496,HITESH,24,2022-06-03,MALE,SALES,33000,"New Delhi",33367
2498,MUKESH,42,2022-06-07,MALE,IT,331200,"New Delhi",55512
2500,AMIT,52,2022-11-08,MALE,IT,66000,"New Delhi",34425
2501,VARUN,21,2022-10-08,MALE,IT,79200,"New Delhi",35548
2502,"NIHARIKA YADAV",27,2022-06-08,FEMALE,MANAGEMENT,475200,"New Delhi",64466
2503,"DISHA YADAV",22,2022-06-08,FEMALE,IT,100800,"New Delhi",25687
2504,"DIKSHA YADAV",42,2021-06-08,FEMALE,SALES,44000,"New Delhi",15034
2505,ANCHAL,52,1999-10-08,FEMALE,ANALYST,79200,"New Delhi",78111
2506,"SURBHI YADAV",44,2014-08-08,FEMALE,ANALYST,100800,NOIDA,65451
2507,NEEMA,52,2020-06-08,FEMALE,SALES,11000,"New Delhi",82922
2508,IEYR,33,2021-06-08,MALE,IT,446400,GURUGRAM,28258
2510,"YUVRAJ GUPTA",22,2022-06-08,MALE,IT,33000,"New Delhi",37838
2511,"TUSHAR GUPTA",45,2022-06-08,MALE,IT,129600,"New Delhi",81623
2512,"YOGITA SINGH",22,2022-06-08,FEMALE,SALES,66000,NOIDA,14601
2514,RENU,24,2022-06-08,FEMALE,IT,33660,"New Delhi",26884
2515,"KRITIKA KUMARI",32,2022-06-08,FEMALE,SALES,33000,NOIDA,40005
2516,"KIRTI YADAV",22,2022-06-08,FEMALE,IT,36300,"New Delhi",19375
2517,PIYUSH,22,2022-06-08,MALE,IT,33000,"New Delhi",56861
2518,YASH,27,2022-06-08,MALE,HR,33000,"New Delhi",36180
2519,"KARAN SINGH",25,2022-06-08,MALE,HR,33000,NOIDA,90315
2520,"PRATHAM KORWAL",25,2022-07-09,MALE,ANALYST,79200,"New Delhi",63037
2521,"ANKIT YADAV",22,2022-06-08,MALE,MARKETING,44000,"New Delhi",34240
2522,"ROHIT YADAV",22,2022-06-08,MALE,SALES,374400,NOIDA,62090
2523,"AMAN SINGH",23,2022-06-08,MALE,IT,331200,NOIDA,17729
2524,"ASHOK YADAV",22,2022-06-08,MALE,IT,187200,NOIDA,72374
2525,"ASHOK KUMAR",26,2021-12-19,MALE,IT,331200,NOIDA,28683
2526,"ASHOK SHARMA",22,2022-06-08,MALE,IT,33000,"New Delhi",96295
2527,"ASHOK BHATT",25,2018-06-07,MALE,SALES,46200,GURUGRAM,25426
2528,"ROHIT KHANNA",30,2010-06-14,MALE,IT,79200,"New Delhi",98246
2529,"UJJWAL SHARMA",50,1999-06-12,MALE,SALES,144000,GURUGRAM,44950
2530,"ROHIT YADAV ",26,2016-04-15,MALE,MARKETING,187200,GURUGRAM,10014
2531,"VIPUL SHOKEEN",28,2022-06-08,MALE,SALES,432000,"New Delhi",85221
2532,"UMANG RANA",22,2022-06-08,FEMALE,HR,33000,GURUGRAM,26062
2533,"PRINCE NARULA",25,2022-06-08,MALE,IT,35200,NOIDA,44647
2534,"DRUV RATHI",25,2022-06-08,MALE,IT,40700,"New Delhi",45048
2535,"TANYA NARANG ",22,2022-06-08,FEMALE,SALES,66000,GURUGRAM,81299
2536,"PRIYA TRIPATHI",22,2022-06-08,FEMALE,ANALYST,79200,GURUGRAM,81351
2537,"JIYA SINGH",26,2022-06-08,FEMALE,IT,100800,GURUGRAM,62859
2538,"NUMAN YADAV",27,2022-06-08,MALE,HR,79200,"New Delhi",60242
2539,"VIPUL SHARMA",32,2022-06-08,MALE,MANAGEMENT,432000,"New Delhi",12632
2540,"VIPIN SHANKAR",42,2022-06-08,MALE,FINANCE,432000,GURUGRAM,52435
2541,"AJAY SINGH",52,2022-06-08,MALE,FINANCE,432000,"New Delhi",34279
2542,"DISHANT YADAV",22,2022-02-08,MALE,MARKETING,288000,"New Delhi",94090
2543,ARUN,22,2022-03-18,MALE,HR,38500,"New Delhi",87613
2544,"JATIN YADAV",36,2022-06-08,MALE,IT,547200,"New Delhi",55793
2545,JASMEET,39,2022-07-18,MALE,IT,676800,"New Delhi",96127
2546,"NEHA RANA",22,2022-06-08,FEMALE,MARKETING,115200,"New Delhi",33256
2547,"GURLEEN SINGH",22,2022-06-08,FEMALE,FINANCE,129600,"New Delhi",47900
2548,"SUBH ROY",22,2022-06-08,MALE,FINANCE,129600,"New Delhi",39731
2549,"SUBH SINGH",22,2022-06-08,MALE,FINANCE,129600,NOIDA,44955
2550,"SIKHA SINGH",23,2022-06-08,FEMALE,FINANCE,115200,"New Delhi",95583
2551,"TEENA RAWAT",22,2022-06-08,FEMALE,FINANCE,33000,"New Delhi",63051
2552,"TARUN DHAYIA",26,2022-06-08,MALE,MARKETING,331200,NOIDA,18503
2553,"KOMAL NEGI",22,2022-06-08,FEMALE,MARKETING,331200,"New Delhi",73365
2554,"VIPIN NEGI",22,2022-06-08,MALE,MARKETING,432000,"New Delhi",31315
2555,"UTKARSH YADAV",55,2022-06-08,MALE,MARKETING,475200,GURUGRAM,16481
2556,"GAGAN SHARMA",27,2022-02-08,MALE,ANALYST,460800,"New Delhi",68458
2557,"RACHIT YADAV",28,2022-02-08,MALE,ANALYST,446400,"New Delhi",12849
2558,"SOURAV ROY",29,2022-05-08,MALE,IT,619200,"New Delhi",28870
2559,"SUNIL SINGH",42,2022-04-08,MALE,ANALYST,763200,GURUGRAM,95804
2560,VIJAY,52,2021-04-08,MALE,HR,39600,"New Delhi",22411
2561,"SHIVAM YADAV",27,2022-04-08,MALE,ANALYST,115200,"New Delhi",84640
2562,"VIJAY SHARMA",52,2009-05-08,MALE,ANALYST,129600,NOIDA,75969
2563,"SHIVAM VERMA",42,2002-06-08,MALE,ANALYST,115200,NOIDA,25923
2564,"VICKY SARKAR",32,2023-06-08,MALE,ANALYST,187200,"New Delhi",71707
2565,"VICKY ROY",52,2022-06-09,MALE,ANALYST,187200,GURUGRAM,90769
2566,"VICKY SHARMA",22,2021-06-08,MALE,ANALYST,331200,"New Delhi",48725
2567,"PRIYA DEB",27,2019-06-28,FEMALE,HR,33550,"New Delhi",51315
2568,"PUNEET YADAV",28,2020-06-12,MALE,IT,432000,GURUGRAM,10400
2569,"VARUN SINGH",26,2022-06-13,MALE,ANALYST,446400,"New Delhi",68056
2570,"VIVEK ROY",25,2022-06-01,MALE,IT,115200,"New Delhi",29082
2571,"VIVEK SHARMA",24,2022-06-03,MALE,SALES,33000,"New Delhi",21240
2572,"VIVEK YADAV",32,2022-06-06,MALE,IT,33000,NOIDA,98953
2573,"VIVEK SINGH",42,2022-06-07,MALE,IT,33000,"New Delhi",61044
2574,JEET,52,2022-12-08,MALE,IT,66000,GURUGRAM,88363
2575,"SHAH RUKH KHAN",52,2022-11-08,MALE,IT,66000,"New Delhi",68684
2576,"SHIV ABHISEKH",21,2022-10-08,MALE,IT,79200,"New Delhi",68328
2577,"VANSHIKA RAY",27,2022-06-08,FEMALE,MANAGEMENT,475200,"New Delhi",35590
2578,"VEENA RAO",22,2022-06-08,FEMALE,IT,100800,"New Delhi",52966
2579,"VANSHIKA RANA",42,2021-06-08,FEMALE,SALES,44000,"New Delhi",58059
2580,"VANSHIKA RAO",52,1999-10-08,FEMALE,ANALYST,79200,"New Delhi",31399
2581,"ISHA RANA",44,2014-08-08,FEMALE,ANALYST,100800,NOIDA,62816
2582,"ISHA TYAGI ",52,2020-06-08,FEMALE,SALES,11000,"New Delhi",29883
2583,"RAHUL RANA",33,2021-06-08,MALE,IT,446400,GURUGRAM,40969
2584,"ANAMICA ROY",42,2022-06-08,MALE,IT,33000,"New Delhi",15194
2585,VANSHIKA,22,2022-06-08,FEMALE,IT,33000,"New Delhi",33065
2586,"TUSHAR SINGHAL",45,2022-06-08,MALE,IT,129600,"New Delhi",19742
2587,"YOGITA KHANNA",22,2022-06-08,FEMALE,SALES,66000,NOIDA,79516
2588,"SEEMA VERMA",26,2022-06-08,FEMALE,HR,40700,"New Delhi",58352
2589,"KANISHKA VERMA",24,2022-06-08,FEMALE,IT,33660,"New Delhi",43213
2590,"KRITIKA SHARMA",32,2022-06-08,FEMALE,SALES,33000,NOIDA,31009
2591,"KIRTI RANA",22,2022-06-08,FEMALE,IT,36300,"New Delhi",15404
2592,"PRIYANKA SHARMA",22,2022-06-08,MALE,IT,33000,"New Delhi",63995
2593,"TONY YADAV",27,2022-06-08,MALE,HR,33000,"New Delhi",83761
2594,"TUSHAR YADAV",25,2022-06-08,MALE,HR,33000,NOIDA,36819
2595,"SAGAR DOGRA",25,2022-07-09,MALE,ANALYST,79200,"New Delhi",12814
2596,"AMAN KUMAR",22,2022-06-08,MALE,MARKETING,44000,"New Delhi",33613
2597,"ANKIT RAO",22,2022-06-08,MALE,SALES,374400,NOIDA,29622
2598,"AMAN DEEP YADAV",23,2022-06-08,MALE,IT,331200,NOIDA,37272
2599,"GINNI SINGH",22,2022-06-08,MALE,IT,187200,NOIDA,87493
2600,"AMAN RAJPUT",22,2022-06-08,MALE,IT,187200,NOIDA,45648
2601,JYOTSANA,25,2001-02-24,FEMALE,HR,74961.5,"New Delhi",45763
2602,kripal,22,2012-01-10," MALE",SALE,129600,"New Delhi",81869
2603,RAJESH,23,2012-02-11,MALE,SALE,115200,"New Delhi",82056
2604,SWEETY,24,2023-03-11,FEMALE,SALE,100800,"New Delhi",64674
2605,DINESH,25,2013-04-11,MALE,SALE,16500,NOIDA,67202
2606,YOGESH,26,2013-05-14,MALE,LABOUR,11000,BHANGEL,41988
2607,PANKAJ,21,2012-01-10,MALE,manager,1440000,"New Delhi",88335
2608,ANAMIKA,25,2013-05-15,FEMALE,PANDAT,31900,"New Delhi",35708
2609,"AAYUSH GOYAL",22,2002-08-05,MALE,DA,66000,SONIPAT,83538
2612,"ANKIT ROY",22,2005-08-12,MALE,ACCONTANT,66000,"New Delhi",79354
2613,"RAHUL DAHIYA",22,2010-08-12,MALE,SR.ACCONTANT,100800,SAKET,80143
2614,"AJAY DIWAN",26,2015-09-20,MALE,SALES,79200,"New Delhi",62650
2615,"ANIKET KUMAR",20,2020-12-13,MALE,SALES,27500,"New Delhi",62823
2616,"SANJEEV SHUKLA",24,2021-12-26,MALE,DA,33000,"New Delhi",26164
2617,"DHRUV VERMA",29,2010-02-10,MALE,BA,129600,"New Delhi",22349
2620,"RAMAN MITTAL",19,2011-11-11,MALE,SALES,27500,NOIDA,26382
2621,KAVERI,23,2015-11-25,FEMALE,RECEPTIONIST,22000,"New Delhi",94220
2622,RAMNEET,26,2020-12-13,FEMALE,WORKER,16500,UTTAMNAGAR,21955
2627,"DIVYANSH GUPTA",19,2022-01-10,MALE,DISTRIBUTER,29700,NOIDA,62603
2628,"KUNAL ANTIL",21,2022-11-04,MALE,HR,66000,NOIDA,12509
2631,"RAJU SHRIVASTV",35,2022-11-04,MALE,DS,79200,NOIDA,16587
2634,"RAJIV CHAUHAN",23,2006-12-20,MALE,SE,28600,"New Delhi",19201
2636,PAPPU,56,2020-12-04,MALE,HELPER,18700,PUNE,54728
2637,"DEV NARANG",24,2009-10-29,MALE,WORKER,22000,MUMBAI,28242
2638,"NSHU SINGH",22,2023-10-12,MALE,MARKETING,48400,PATNA,57024
2639,"ANSH GUPTA",19,2022-01-10,MALE,DISTRIBUTER,29700,NOIDA,10396
2640,"L ANTIL",21,2022-11-04,MALE,HR,66000,NOIDA,50908
2641,NDR,32,2020-10-10,MALE,WORKER,5500,RJ,33350
2642," SHRIVASTV",35,2022-11-04,MALE,DS,79200,NOIDA,94025
2643,N,45,2020-12-31,MALE,DA,66000,MEERUT,90078
2644," RANA",41,2001-10-10,MALE,CE,18700,"New Delhi",68312
2645,"V CHAUHAN",23,2006-12-20,MALE,SE,28600,"New Delhi",61328
2646,MIK,30,2020-10-30,MALE,WROKER,22000,"New Delhi",91703
2647,NARANG,24,2009-10-29,MALE,WORKER,22000,MUMBAI,84531
2648,Y,29,2023-09-23,MALE,WORKER,19800,"New Delhi",47547
2650,"HASRH DAHIYA",34,2006-09-29,MALE,SALES,24200,SONIPAT,78067
2652,RAGHU,25,2009-12-11,MALE,FINANCE,40700,MEERUT,65345
2653,"ANJALI SINDHU",27,2023-06-12,FEMALE,HR,47300,"GREATER NOIDA",22999
2655,"PRIYA SHARMA",29,2020-02-13,FEMALLE,PURCHASE,48950,GURUGRAM,95805
2656,"PREETI KAUSHIK",33,2022-12-31,FEMALE,SALES,25850,GURUGRAM,22142
2659,HARDUL,21,2023-06-16,MALE,HR,72600,SONIPAT,90348
2662,NEHA,22,2022-06-08,FEMALE,FINANCE,129600,"New Delhi",80007
2669,UTKARSH,22,2022-06-08,MALE,MARKETING,432000,"New Delhi",38523
2672,ROHIT,28,2022-02-08,MALE,ANALYST,446400,"New Delhi",77118
2673,SHAMI,29,2022-05-08,MALE,IT,619200,"New Delhi",68460
2674,SACHIN,42,2022-04-08,MALE,ANALYST,763200,GURUGRAM,10945
2675,SHEWAG,52,2021-04-08,MALE,HR,39600,"New Delhi",19343
2676,ROHAN,27,2022-04-08,MALE,ANALYST,115200,"New Delhi",53881
2679,SOMYA,32,2023-06-08,MALE,ANALYST,187200,"New Delhi",52101
2683,PULKIT,28,2020-06-12,MALE,IT,432000,GURUGRAM,13805
2688,AMITAB,42,2022-06-07,MALE,IT,33000,"New Delhi",27668
2689,SALMAN,52,2022-12-08,MALE,IT,66000,GURUGRAM,23256
2691,PINTU,35,2010-10-10,MALE,PURCHASE,33000,BAHUDRGARH,36614
2692,RAJVEER,28,2018-03-05,MALE,DA,72600,"New Delhi",13239
2693,TANVEER,37,2011-11-03,MALE,SALES,29700,PUNE,36355
2694,MONU,27,2020-08-17,MALE,HELPER,22000,AMBALA,42058
2696,STEFAN,22,2023-01-13,MALE,MARKETING,33000,PANJI,49943
2697,PRANJAL,27,2017-05-27,FEMALE,PRODUCTION,33000,BHIWANI,56044
2702,William,30,2011-05-12,MALE,OPERATIONS,30800,"LOS ANGELES",87046
2705,Oliver,27,2015-09-18,MALE,SALES,31900,"SAN FRANCISCO",40556
2706,Isabella,31,2010-11-10,FEMALE,MARKETING,34100,"LOS ANGELES",35116
2709,Henry,29,2014-09-15,MALE,OPERATIONS,33000,"NEW YORK",19359
2710,Liam,27,2015-01-20,MALE,IT,38500,"LOS ANGELES",44137
2713,Charlotte,28,2014-09-01,FEMALE,MARKETING,37400,CHICAGO,25289
2716,Benjamin,28,2012-06-03,MALE,OPERATIONS,36300,"LOS ANGELES",41413
2718,William,29,2014-10-15,MALE,SALES,33000,BOSTON,25639
2721,Sofia,26,2013-06-15,FEMALE,OPERATIONS,35200,SEATTLE,81302
2722,Henry,28,2014-10-01,MALE,IT,37400,CHICAGO,53248
2727,Scarlett,29,2014-11-15,FEMALE,HR,33000,CHICAGO,68134
2731,Grace,28,2014-11-01,FEMALE,IT,37400,"LOS ANGELES",51052
2733,Joseph,31,2010-05-10,MALE,MARKETING,34100,BOSTON,58503
2737,Owen,27,2015-04-20,MALE,IT,38500,SEATTLE,73133
2741,Carter,27,2015-11-18,MALE,IT,31900,"LOS ANGELES",95998
2742,Ella,31,2010-06-10,FEMALE,OPERATIONS,34100,CHICAGO,27046
2745,Levi,29,2015-01-15,MALE,MARKETING,33000,"LOS ANGELES",93517
2746,Abigail,27,2015-05-20,FEMALE,IT,38500,CHICAGO,22451
2747,"Anthony amanda",30,2011-02-12,MALE,OPERATIONS,30800,BOSTON,91700
2748,"Avery mitchel",26,2013-09-15,FEMALE,SALES,35200,"SAN FRANCISCO",21151
2749,"Shaun marsh",28,2014-12-01,MALE,IT,37400,"LOS ANGELES",90652
2750,"Chloe dang",27,2015-12-18,FEMALE,MARKETING,31900,SEATTLE,19807
2756,"Emma shane",28,2012-07-15,FEMALE,IT,37400,BOSTON,68780
2758,"Sophia allen",30,2011-03-15,FEMALE,SALES,33000,CHICAGO,88206
2759,"Lucas finn",28,2013-07-05,MALE,MARKETING,35200,"SAN FRANCISCO",68301
2763,"Liam lee",30,2011-06-05,MALE,OPERATIONS,34100,CHICAGO,36417
2765,"Sophia lyon",31,2010-09-12,FEMALE,SALES,33000,SEATTLE,66133
2772,"Ava johnsin",24,2015-04-10,FEMALE,HR,31900,"NEW YORK",87729
2773,"Liam strick",29,2011-06-05,MALE,OPERATIONS,34100,CHICAGO,94130
2774,"Olivia mcgrath",26,2014-04-15,FEMALE,MARKETING,35200,"SAN FRANCISCO",17465
2775,"Lucas stone",30,2010-09-12,MALE,SALES,33000,SEATTLE,64933
2776,"Emma nicols",27,2012-07-15,FEMALE,IT,39600,BOSTON,82272
2777,"Jackson warner",24,2015-01-10,MALE,HR,30800,"LOS ANGELES",26562
2778,"Sophia schmidt",29,2011-03-15,FEMALE,SALES,33000,CHICAGO,55991
2779,"Liam fistrik",26,2014-07-05,MALE,MARKETING,35200,"SAN FRANCISCO",10270
2782,"Liam livingston",25,2015-04-10,MALE,HR,31900,"NEW YORK",60261
2786,"Emma watson",27,2012-07-15,FEMALE,IT,39600,BOSTON,24334
2787,"Jackson kallis",25,2015-01-10,MALE,HR,30800,"LOS ANGELES",10859
2791,"dinesh mistry",34,2010-04-15,male,mistry,33000,batra,55996
2792,TEENA,22,2022-06-08,FEMALE,FINANCE,33000,"New Delhi",43396
2794,"KOMAL YADAV",22,2022-06-08,FEMALE,MARKETING,331200,"New Delhi",54773
2795,"UTKARSH NEGI",22,2022-06-08,MALE,MARKETING,432000,"New Delhi",56889
2796,"VIPIN YADAV",55,2022-06-08,MALE,MARKETING,475200,GURUGRAM,20128
2797,"VIRAT KHOLI",27,2022-02-08,MALE,ANALYST,460800,"New Delhi",99971
2799,SOURAV,29,2022-05-08,MALE,IT,619200,"New Delhi",37451
2801,"VIRENDER SHEWAG",52,2021-04-08,MALE,HR,39600,"New Delhi",81835
2803,"RABI SHARMA",52,2009-05-08,MALE,ANALYST,129600,NOIDA,47808
2804,"ARJUN VERMA",42,2002-06-08,MALE,ANALYST,115200,NOIDA,11053
2805,"SOMYA SARKAR",32,2023-06-08,MALE,ANALYST,187200,"New Delhi",81840
2807,"PANKAJ SHARMA",22,2021-06-08,MALE,ANALYST,331200,"New Delhi",44684
2812,"BABLU SINGH",24,2022-06-03,MALE,SALES,33000,"New Delhi",31095
2814,"AMITAB SINGH",42,2022-06-07,MALE,IT,33000,"New Delhi",84555
2815,"SALMAN KHAN",52,2022-12-08,MALE,IT,66000,GURUGRAM,12072
2819,"DISHA RAO",22,2022-06-08,FEMALE,IT,100800,"New Delhi",39144
2820,"DIKSHA RANA",42,2021-06-08,FEMALE,SALES,44000,"New Delhi",17179
2823,"ISHIKA TYAGI ",52,2020-06-08,FEMALE,SALES,11000,"New Delhi",28544
2826,"YUVRAJ SINGH",22,2022-06-08,MALE,IT,33000,"New Delhi",39673
2827,"TUSHAR VAID",45,2022-06-08,MALE,IT,129600,"New Delhi",49922
2830,"KASHISH VERMA",24,2022-06-08,FEMALE,IT,33660,"New Delhi",44135
2832,"KIRTI SHARMA",22,2022-06-08,FEMALE,IT,36300,"New Delhi",23263
2836,SAGAR,25,2022-07-09,MALE,ANALYST,79200,"New Delhi",11640
2838,"ROHIT RAO",22,2022-06-08,MALE,SALES,374400,NOIDA,88053
2845,"ABHISHEK kumar",50,1999-06-12,MALE,SALES,144000,GURUGRAM,90541
2848,"AKANSHA KHOLI",22,2022-06-08,FEMALE,HR,33000,GURUGRAM,39383
2851,"TANYA KUMARI ",22,2022-06-08,FEMALE,SALES,66000,GURUGRAM,96021
2852,"PARUL SINGH",22,2022-06-08,FEMALE,ANALYST,79200,GURUGRAM,67211
2854,"NIKHIL CHANDRAN",27,2022-06-08,MALE,HR,79200,"New Delhi",68322
2861,HALLAND,23,2022-07-18,MALE,IT,676800,"New Delhi",22762
2862,"SAKSHI SINGH",22,2022-06-08,FEMALE,MARKETING,115200,"New Delhi",61239
2863,"NEHA KUMARI",22,2022-06-08,FEMALE,FINANCE,129600,"New Delhi",47908
2864,"VIPUL RANA",22,2022-06-08,MALE,FINANCE,129600,"New Delhi",45822
2865,"SOBIT SARKAR",22,2022-06-08,MALE,FINANCE,129600,NOIDA,75385
2866,SANGEETA,23,2022-06-08,FEMALE,FINANCE,115200,"New Delhi",49462
2869,"KOMAL CHOUHAN",22,2022-06-08,FEMALE,MARKETING,331200,"New Delhi",73451
2870,UMANG,22,2022-06-08,MALE,MARKETING,432000,"New Delhi",35106
2874,KUNAL,29,2022-05-08,MALE,IT,619200,"New Delhi",24880
2879,AKUL,42,2002-06-08,MALE,ANALYST,115200,NOIDA,59773
2882,"PANKAJ YADAY",22,2021-06-08,MALE,ANALYST,331200,"New Delhi",96825
2888,"SWARAJ PANDEY",32,2022-06-06,MALE,IT,33000,NOIDA,65647
2890,SOHAIL,52,2022-12-08,MALE,IT,720000,GURUGRAM,37406
2892,"YOGITA YADAV",22,2022-06-08,FEMALE,SALES,66000,NOIDA,29884
2893,"SEEMA SINGH",26,2022-06-08,FEMALE,HR,40700,"New Delhi",66160
2897,PRIYANKA,22,2022-06-08,MALE,IT,33000,"New Delhi",32586
2898,TONY,27,2022-06-08,MALE,HR,33000,"New Delhi",24301
2899,"KARAN YADAV",25,2022-06-08,MALE,HR,33000,NOIDA,13746
2901,SHARDUL,21,2023-06-16,MALE,HR,72600,SONIPAT,57904
2906,NATASHA,30,2009-10-10,FEMALE,HELPER,21450,W.DC,39838
2907,LUCIFER,78,2001-01-01,MALE,CEO,144000,CHICAGO,94095
2908,AMANDIEL,80,2001-02-02,MALE,RECORDS,141120,CHICAGO,70958
2909,CLOIE,40,2020-12-02,FEMALE,HR,49500,CHICAGO,62508
2914,"RANBIR SINGHANIYA",30,2013-09-29,MALE,PURCHASE,33000,JAIPUR,77738
2917,KEVIN,31,2012-04-25,MALE,ACCOUNTS,28600,PUNE,97539
2919,RAJPRASAD,21,2023-05-25,MALE,DA,24200,"LOS ANGELES",43583
2925,BRAVO,42,2015-03-10,MALE,PURCHASE,38500,WI,44143
2926,STEVE,34,2016-04-12,MALE,PRODUCTION,33000,AUSTRALIA,48809
2927,SMRITI,30,2018-01-20,FEMALE,SALES,38500,JHARKHAND,11616
2928,"SHWETA SINGH",32,2015-02-20,FEMALE,"SALES EXECUTIVE",40700,NOIDA,81655
2933,"NISHA SHARMA",26,2019-12-16,FEMALE,ACCOUNTS,28600,TOHANA,29329
2934,GARIMA,28,2018-11-16,FEMALE,SALES,30800,NARWANA,58086
2938,"PRIYANKA SINGH",30,2018-03-26,FEMALE,ACCOUNTS,33000,"New Delhi",38525
2939,RAMPHAL,35,2016-06-17,MALE,HELPER,18700,NOIDA,85174
2951,Emily,30,2011-10-12,FEMALE,HR,30800,"SAN FRANCISCO",74354
2955,Amelia,31,2010-03-10,FEMALE,SALES,34100,"NEW YORK",39515
2957,Ella,25,2013-08-25,FEMALE,IT,30800,CHICAGO,21928
2960,Daniel,30,2011-11-12,MALE,MARKETING,30800,"LOS ANGELES",32897
2966,VIVEK,25,2013-10-05,MALE,"SALES MANAGER",100800,GUJARAT,20504
2973,CHINTU,34,2008-02-05,MALE,"GENERAL COUNSEL",79200,"New Delhi",71445
2983,lucky,26,1996-02-10,male,driver,16500,"sangam vihar",27927
2984,UPENDER,32,1980-02-12,MALE,CA,79200,"SANGAM VIHAR",66500
2985,PAWAN,26,1999-05-21,MALE,NALLA,0,DEVLI,58721
2986,DIVIYANK,13,2008-06-19,MALE,STUDENT,0,BATRA,84105
2987,AKASH,20,2004-08-18,MALE,SHOP,49500,HATRAS,54363
2988,UMMA,38,2005-09-19,FEMALE,MANAGER,102240,GURUGRAM,99499
2989,USHA,38,2005-06-20,FEMALE,MANAGER,36300,NOIDA,54408
2990,VARSHA,23,2005-06-07,FEMALE,SALES,20900,"BATLA HOUSE",53540
2991,TEJPAL,51,1967-06-09,MALE,DRIVER,38500,TUGLKABAD,94477
2992,PAPPU,64,1992-07-08,MALE,DRIVER,31900,BADURPUR,31766
2993,PRINCESS,81,2008-06-09,FEMALE,DOCTOR,42900,SASNI,45399
2994,GUDIYA,47,2004-04-10,FEMALE,DOCTOR,31900,HATRAS,31698
2995,RITIKA,19,2005-04-05,female,sales,22000,"New Delhi",12292
2996,krishma,19,2005-04-06,female,sales,23100,nagla,46367
2997,DEEPTI,20,2007-06-07,FEMALE,DOCTOR,76428,KATHA,94956
2998,TARUN,19,2007-06-07,MALE,CRICKETER,7700,MUMBAI,55682
2999,MOHIT,23,2009-07-06,MALE,SHOP,74815,JUCTION,73542
3000,KRISHNA,25,2006-07-09,MALE,HELPER,21450,GAWN,10663
3003,"Priya Singh",24,2021-07-10,Female,Marketing,72600,"New Delhi",19219
3004,"Anil Patel",32,2019-02-22,Male,Finance,100800,Bangalore,81722
3006,"Arjun Reddy",30,2018-03-07,Male,Sales,108000,Hyderabad,99607
3010,"Rohit Sharma",31,2016-06-20,Male,HR,66000,Jaipur,27286
3011,"Divya Choudhary",25,2023-01-12,Female,Sales,112320,Chandigarh,37388
3012,deepanshu,22,2023-03-01,male,"data analyst",27500,"New Delhi",95082
3013,"Pooja Verma",29,2020-12-09,Female,IT,76560,Pune,83246
3014,"Sanjay Gupta",34,2017-03-28,Male,Finance,82500,Chennai,30985
3015,"Ayesha Khan",26,2022-02-09,Female,Marketing,97920,Ahmedabad,75187
3018,"Priya Singh",27,2019-08-20,Female,Finance,81840,Mumbai,47762
3019,"Rajesh Verma",28,2021-02-10,Male,IT,108000,Bangalore,80786
3020,"Neha Patel",29,2018-11-05,F,Marketing,76560,Ahmedabad,70646
3021,"Sandeep Gupta",30,2022-04-25,M,Sales,99360,Kolkata,10870
3022,"Rahul Sharma",31,2020-03-15,M,Engineering,79200,Mumbai,12413
3023,"Priya Verma",32,2019-06-10,F,Finance,72600,"New Delhi",19456
3024,"Amit Patel",33,2021-01-20,M,HR,81840,Bengaluru,50040
3025,"Sneha Singh",34,2018-08-05,F,Marketing,76560,Chennai,91834
3026,"Rajesh Gupta",35,2022-02-28,M,Sales,83160,Kolkata,29048
3027,"Rajesh Kumar",28,2020-04-15,Male,IT,79200,Mumbai,39739
3030,"Nisha Sharma",27,2022-05-18,Female,HR,68640,Kolkata,48065
3031,"Amit Sharma",23,2020-05-15,Male,HR,72600,"New Delhi",84689
3032,"Manju Yadav",24,2020-06-03,F,Finance,103680,"New Delhi",89254
3033,"Rajesh Sharma",25,2019-09-21,M,IT,123840,Bangalore,92200
3034,"Meena Singh",26,2021-03-17,F,Marketing,95040,Chennai,93239
3035,"Sandeep Verma",27,2018-05-12,M,Sales,105120,Kolkata,89595
3036,"Pooja Tiwari",28,2017-02-08,F,HR,80520,Mumbai,68258
3037,"Rahul Kumar",29,2020-10-14,M,Finance,100800,"New Delhi",62504
3038,"Sarita Gupta",30,2019-08-26,F,IT,128160,Bangalore,97746
3039,"Rajat Singh",31,2021-05-06,M,Marketing,96480,Chennai,21220
3040,"Nisha Kapoor",32,2018-09-08,F,Sales,108000,Kolkata,72861
3041,"Amit Verma",33,2017-01-31,M,HR,77880,Mumbai,20647
3042,"Rekha Tiwari",34,2020-04-27,F,Finance,102240,"New Delhi",54649
3043,"Anil Kumar",35,2019-10-03,M,IT,120960,Bangalore,21305
3044,"Sunita Sharma",36,2021-02-19,F,Marketing,95040,Chennai,22579
3045,"Rajesh Yadav",37,2018-05-05,M,Sales,103680,Kolkata,38980
3046,"Neeta Verma",38,2017-01-15,F,HR,80520,Mumbai,27164
3047,"Sanjay Kumar",39,2020-10-28,M,Finance,100800,"New Delhi",98878
3048,"Asha Gupta",40,2019-09-02,F,IT,126720,Bangalore,42897
3049,"Ravi Sharma",23,2021-04-10,M,Marketing,96480,Chennai,87851
3050,"Priyanka Singh",24,2018-08-19,F,Sales,105120,Kolkata,30564
3051,"Rajendra Verma",25,2017-02-03,M,HR,77880,Mumbai,59270
3052,"Savita Tiwari",26,2020-06-14,F,Finance,102240,"New Delhi",14654
3053,"Ajay Yadav",27,2019-11-27,M,IT,122400,Bangalore,65463
3054,"Aarti Kapoor",28,2022-03-03,F,Marketing,99360,Chennai,93351
3056,"Meenakshi Verma",30,2017-05-22,F,HR,81840,Mumbai,21779
3057,"Deepak Tiwari",32,2020-12-18,M,Finance,102240,"New Delhi",37795
3058,"Poonam Kapoor",33,2019-03-07,F,IT,123840,Bangalore,23639
3059,"Rajiv Singh",34,2021-03-14,M,Marketing,96480,Chennai,84809
3060,"Manju Verma",35,2018-08-25,F,Sales,105120,Kolkata,73129
3061,"Rahul Tiwari",36,2017-07-20,M,HR,79200,Mumbai,11219
3062,"Pooja Yadav",37,2020-02-05,F,Finance,103680,"New Delhi",96705
3063,"Rajat Kumar",38,2019-09-10,M,IT,126720,Bangalore,79871
3064,"Meera Tiwari",39,2021-06-26,F,Marketing,96480,Chennai,99238
3065,"Sandeep Kumar",40,2018-11-28,M,Sales,108000,Kolkata,66579
3066,"Neha Verma",23,2017-06-15,F,HR,81840,Mumbai,25179
3067,"Rajeev Kumar",24,2020-12-31,M,Finance,102240,"New Delhi",96157
3068,"Simran Tiwari",25,2019-03-25,F,IT,122400,Bangalore,35249
3069,"Rahul Singh",26,2021-03-10,M,Marketing,96480,Chennai,57775
3070,"Preeti Kapoor",27,2018-09-01,F,Sales,108000,Mumbai,83126
3071,"Priyanka chopra",24,2018-09-01,F,Sales,108000,"New Delhi",52304
3072,"Manju Sharma",29,2020-02-20,F,Finance,103680,"New Delhi",92144
3073,"Rajesh Tiwari",30,2019-08-27,M,IT,123840,Bangalore,23808
3074,"Meena Verma",31,2021-05-13,F,Marketing,97920,Chennai,12609
3075,"Sandeep Yadav",32,2018-11-11,M,Sales,106560,Kolkata,71620
3076,"Neha Singh",33,2017-06-05,F,HR,80520,Mumbai,40271
3077,"Rajat Verma",34,2020-12-28,M,Finance,100800,"New Delhi",66498
3078,"Simran Kapoor",35,2019-03-30,F,IT,128160,Bangalore,21674
3079,"Rahul Yadav",36,2021-03-22,M,Marketing,96480,Kolkata,78877
3080,"Rahul kumar",26,2021-03-22,M,Marketing,96480,Kolkata,49362
3081,"Amit Kumar",38,2017-06-28,M,HR,80520,Mumbai,90179
3082,"Rekha Sharma",39,2020-11-01,F,Finance,102240,"New Delhi",22808
3083,"Anil Tiwari",40,2019-07-18,M,IT,125280,Bangalore,13506
3084,"Sunita Kapoor",23,2021-02-15,F,Marketing,95040,Chennai,79105
3085,"Rajesh Verma",24,2018-05-20,M,Sales,103680,Kolkata,75007
3086,"Neeta Sharma",25,2017-01-30,F,HR,77880,Mumbai,37720
3087,"Sanjay Verma",26,2020-10-06,M,Finance,100800,"New Delhi",43578
3088,"Asha Tiwari",27,2019-09-12,F,IT,126720,Bangalore,94731
3089,"Ravi Verma",28,2021-04-20,M,Marketing,96480,Chennai,62923
3090,"Priyanka Kapoor",29,2018-08-05,F,Sales,108000,Kolkata,20420
3091,"Rajendra Kumar",30,2017-02-12,M,HR,79200,Mumbai,83331
3092,"Swati Tiwari",32,2020-06-21,F,Finance,103680,"New Delhi",75395
3093,"Alok Kumar",33,2019-11-08,M,IT,122400,Bangalore,26983
3094,"Anjali Verma",34,2022-03-09,F,Marketing,99360,Chennai,78730
3095,"Vivek Tiwari",35,2018-07-15,M,Sales,106560,Kolkata,32699
3096,"Meenakshi Sharma",36,2017-05-30,F,HR,81840,Mumbai,97307
3097,"Deepak Yadav",37,2020-12-03,M,Finance,102240,"New Delhi",18436
3098,"Poonam Tiwari",38,2019-01-20,F,IT,123840,Bangalore,60260
3099,"Rajiv Verma",39,2021-03-27,M,Marketing,96480,Chennai,55992
3100,"Manju Tiwari",40,2018-08-10,F,Sales,105120,Kolkata,89180
3103,SURESH,24,2022-03-20,MALE,MARKETING,25300,MUMBAI,86651
3104,KOMAL,23,2022-03-04,FEMALE,SALES,24200,"New Delhi",27000
3105,KARAN,23,2022-05-06,MALE,MARKETING,25300,PUNE,45047
3106,DEEPAK,26,2021-05-06,MALE,"HUMAN RESOURCES",30800,CHANDIGARH,44235
3107,SAMEER,25,2022-01-02,MALE,"QUALITY ASSURANCE",33000,SURAT,76032
3108,MOHIT,24,2021-05-06,MALE,SALES,22000,MUMBAI,57458
3109,RAVI,24,2021-06-07,MALE,PRODUCTION,360000,PUNE,49194
3110,DUSHYANT,25,2013-06-10,MALE,SALES,22000,"New Delhi",63594
3111,ABHISHEK,23,2020-10-14,MALE,SALES,33000,"New Delhi",70390
3113,SOHAN,24,2022-03-20,MALE,MARKETING,25300,MUMBAI,84671
3114,KAJAL,23,2022-03-04,FEMALE,SALES,24200,"New Delhi",49848
3115,AMIT,23,2022-05-06,MALE,MARKETING,25300,PUNE,75228
3116,ARYAN,22,2022-03-04,MALE,MARKETING,24200,CHENNAI,36594
3117,SWAPNIL,23,2022-05-06,MALE,PRODUCTION,33000,AHEMDABAD,37289
3118,SANJEEV,23,2022-08-09,MALE,SALES,30800,GUWAHATI,66661
3119,SUMIT,22,2023-04-03,MALE,PRODUCTION,28600,"New Delhi",31440
3121,PARMINDER,24,2023-06-07,MALE,"HUMAN RESOURCES",33000,LUCKNOW,81753
3122,PADMA,25,2022-04-08,FEMALE,SALES,25300,FARIDABAD,17123
3124,SONALI,22,2021-05-06,FEMALE,"RISK MANAGEMENT",30800,KOLKATA,80398
3125,DINESH,23,2022-05-06,MALE,PRODUCTION,31900,KANPUR,90932
3126,LALIT,28,2023-04-09,MALE,MARKETING,25300,AHEMDABAD,23464
3127,MANISH,29,2023-05-06,MALE,SALES,33000,JAIPUR,14526
3128,ABHIJIT,25,2023-01-06,MALE,"RISK MANAGEMENT",38500,AMBALA,82237
3129,PRATIK,23,2023-07-06,MALE,PRODUCTION,33000,AHEMDABAD,87607
3130,JAYANT,23,2023-03-04,MALE,SALES,25300,MUMBAI,91325
3131,GULSHAN,26,2022-07-06,MALE,PRODUCTION,22000,GURUGRAM,93803
3132,BHASKAR,27,2022-08-08,MALE,PRODUCTION,33000,AMBALA,95041
3133,PARTH,27,2022-01-06,MALE,MARKETING,38500,BANGLORE,93796
3134,ANKIT,26,2021-05-06,MALE,"RISK MANAGEMENT",33000,CHENNAI,83858
3135,DIKSHA,25,2021-03-04,FEMALE,"HUMAN RESOURCES",26400,CHANDIGARH,37899
3136,KABIR,30,2022-02-06,MALE,"RISK MANAGEMENT",33000,JAIPUR,17924
3139,ANIL,25,2022-01-02,MALE,"HUMAN RESOURCES",33000,"New Delhi",91408
3141,SANDEEP,23,2022-05-06,MALE,PRODUCTION,31900,KANPUR,63467
3142,PUNIT,30,2022-07-06,MALE,"RISK MANAGEMENT",33000,"New Delhi",98722
3144,PRAVEEN,23,2022-10-10,MALE,PRODUCTION,30800,"NAVI MUMBAI",79863
3145,SAHIL,24,2019-02-03,MALE,"HUMAN RESOURCE",38500,CHANDIGARH,49698
3146,VISHNU,27,2018-03-04,MALE,"HUMAN RESOURSE",28600,MUMBAI,88901
3147,CHARU,26,2021-04-05,FEMALE,"RISK MANAGEMENT",26400,KOLKATA,15413
3148,PRITI,23,2022-03-04,FEMALE,"HUMAN RESOURCES",30800,JAIPUR,70361
3149,SHASHI,25,2023-02-05,FEMALE,PRODUCTION,33000,CHENNAI,25567
3150,ANIKET,27,2023-01-08,MALE,PRODUCTION,25300,JAIPUR,86751
3151,SHUBHAM,25,2023-04-03,MALE,MARKETING,30800,BANGLORE,77055
3152,ANUSHA,26,2021-03-08,FEMALE,"HUMAN RESOURCE",25300,"New Delhi",25021
3153,RADHA,25,2023-04-03,FEMALE,PRODUCTION,35200,MUMBAI,63938
3155,SONU,22,2023-03-07,MALE,SALES,33000,JAIPUR,71335
3156,NISHANT,26,2022-01-06,MALE,"HUMAN RESOURCE",24200,CHANDIGARH,92785
3157,GAURI,23,2023-08-05,FEMALE,"RISK MANAGEMENT",28600,KOLKATA,59920
3158,SOHAN,26,2023-06-05,MALE,PRODUCTION,33000,CHENNAI,11247
3159,JAGRATI,28,2023-04-05,FEMALE,PRODUCTION,38500,KANPUR,46474
3160,SHRUTI,23,2022-03-04,FEMALE,SALES,24200,MUMBAI,98627
3161,ROHIT,25,2023-06-05,MALE,PRODUCTION,22000,CHENNAI,73716
3162,KAVITA,28,2023-02-05,FEMALE,MARKETING,29700,"NAVI MUMBAI",62699
3163,KOMAL,24,2023-09-05,FEMALE,PRODUCTION,27500,PUNE,82347
3164,SHIVANI,26,2023-06-05,FEMALE,SALES,30800,CHENNAI,33638
3168,PAWAN,23,2022-10-10,MALE,PRODUCTION,30800,"NAVI MUMBAI",39155
3169,KISHOR,24,2019-02-03,MALE,"HUMAN RESOURCE",38500,CHANDIGARH,93576
3170,ASHISH,24,2022-04-06,MALE,"HUMAN RESOURCE",25300,PUNE,70415
3171,AMAN,29,2021-04-06,MALE,"HUMAN RESOURCE",36300,PUNE,61348
3172,ADITYA,26,2021-04-02,MALE,"RISK MANAGEMENT",27500,"NAVI MUMBAI",85492
3174,SHIVA,28,2023-03-02,MALE,SALES,31900,GURUGRAM,90613
3175,SHRADDHA,26,2023-04-03,FEMALE,MARKETING,29700,PUNE,12811
3176,VAIBHAV,27,2022-10-11,MALE,"RISK MANAGEMENT",25300,MUMBAI,52218
3177,DHRUV,29,2023-02-01,MALE,PRODUCTION,29700,JAIPUR,32656
3178,VIVEK,27,2021-03-04,MALE,PRODUCTION,30800,MUMBAI,86628
3179,VIRAT,25,2023-02-08,MALE,MARKETING,31900,KOLKATA,55169
3180,ANUSHA,27,2020-02-03,FEMALE,"RISK MANAGEMENT",26400,PUNE,95962
3182,SURAJ,22,2023-01-04,MALE,PRODUCTION,27500,BANGLORE,53637
3184,STUTI,26,2022-03-04,FEMALE,"HUMAN RESOURCE",24200,"New Delhi",65438
3187,SURAJ,22,2023-01-04,MALE,"RISK MANAGEMENT",27500,BANGLORE,98842
3188,SOURABH,24,2022-03-20,MALE,PRODUCTION,25300,FARIDABAD,92418
3190,ARUN,25,2023-05-06,MALE,MARKETING,25300,JAIPUR,40558
3191,SHWETA,23,2020-10-14,FEMALE,SALES,33000,"New Delhi",86102
3192,MEET,22,2023-01-04,MALE,PRODUCTION,27500,BANGLORE,28836
3193,KHUSHI,24,2022-03-20,FEMALE,MARKETING,25300,MUMBAI,55875
3194,MANSI,23,2022-03-04,FEMALE,MARKETING,24200,GURUGRAM,92865
3195,SANJAY,23,2022-05-06,MALE,"HUMAN RESOURCE",25300,CANDIGARH,16702
3196,ANCHAL,23,2020-10-14,FEMALE,MARKETING,33000,"New Delhi",64915
3198,NAMAN,24,2022-03-20,MALE,MARKETING,25300,MUMBAI,37607
3200,NIKITA,23,2022-05-06,FEMALE,"RISK MANAGEMENT",25300,PUNE,40287
3201,Aryan,22,2022-01-01,Male,IT,144000,"New Delhi",57571
3208,Raj,23,2022-05-01,Male,IT,44000,Noida,83888
3217,Ritu,23,2022-03-01,Female,IT,49500,"New Delhi",47880
3222,Harjeet,21,2022-03-01,Male,IT,16500,Noida,38666
3224,Kritika,21,2022-04-04,Female,IT,27500,Gurgram,79687
3225,Saakhi,22,2021-06-06,Female,HR,33000,Rohini,31026
3228,Virat,24,2021-04-04,Male,Finance,66000,Gurgram,18137
3229,Siraj,22,2022-04-10,Male,IT,44000,Rohini,88877
3230,Samu,23,2021-10-10,Male,Accounts,22000,"New Delhi",19974
3231,Rizwan,22,2020-07-06,Male,HR,79200,"New Delhi",93238
3235,Sakhi,24,2021-05-06,Female,HR,27500,Rohini,71963
3239,Sahil,22,2017-05-10,Male,IT,79200,Dwarka,30970
3240,Samurai,26,2015-10-10,Male,Accounts,44000,"New Delhi",61659
3241,Riya,26,2022-07-06,Female,Finance,33000,"New Delhi",25384
3244,nikki,21,2022-04-04,Female,IT,27500,Gurgram,42002
3245,hukum,22,2021-06-06,Male,HR,33000,Rohini,39308
3255,Sam,21,2021-10-01,Male,Accounts,22000,"New Delhi",24636
3256,Riya,22,2022-07-06,Female,HR,33000,"New Delhi",41559
3261,Robin,26,2023-02-01,Male,IT,79200,"New Delhi",65929
3263,Jatin,25,2022-12-05,Male,Sales,33000,"New Delhi",63276
3264,Simran,24,2022-11-11,Female,Sales,33000,"New Delhi",35740
3268,ryan,24,2021-04-04,Male,Finance,33000,Gurgram,34019
3276,nayra,25,2022-03-10,Female,IT,100800,Noida,31801
3277,Rituraj,26,2021-03-01,Male,Finance,49500,"New Delhi",36412
3282,Harjoot,21,2022-08-01,Male,IT,19800,Noida,35468
3283,RajKumar,28,2016-05-01,Male,Finance,129600,Noida,49551
3284,Kriti,21,2019-06-06,Female,IT,79200,Gurgram,41348
3287,Tina,23,2022-03-01,Female,IT,49500,"New Delhi",17716
3288,Roman,24,2021-04-04,Male,Finance,33000,Gurgram,29394
3292,Harsimran,29,2020-03-11,Female,IT,49500,Noida,72961
3296,Robi,26,2021-02-01,Male,IT,79200,"New Delhi",54668
3297,Ramin,28,2017-06-07,Male,Sales,44000,Noida,12203
3299,Kumod,26,2019-11-11,Male,IT,66000,"New Delhi",18459
3300,Princess,23,2020-08-05,Male,IT,66000,Gurgram,61251
3301,tanu,29,2020-03-02,female,sales,33000,ignou,60881
3302,mona,21,2023-04-23,female,sales,66000,ignou,20650
3303,sunny,18,2022-05-17,male,finance,79200,ignou,90607
3304,priyanka,21,2023-01-31,female,sales,49500,gurugram,21084
3309,rohan,25,2007-06-25,male,finance,44000,ncert,83748
3311,madhu,26,2022-04-16,female,sales,38500,haryana,34612
3317,vibha,26,2016-06-27,female,production,79200,ignou,32344
3318,mohit,24,2002-09-19,male,"research and development",51700,gurugram,67822
3319,rajani,25,2017-06-18,female,sales,28600,"New Delhi",52077
3320,gochi,28,2015-07-16,male,"human resource",100800,"New Delhi",46920
3321,tony,27,2020-06-20,male,marketing,66000,"New Delhi",68370
3322,kuki,26,2022-07-19,female,"project manager",100800,dwarka,11088
3323,himanshu,19,2017-06-03,male,marketing,79200,"New Delhi",20333
3325,divya,25,2018-04-03,female,sales,31900,dwarka,41002
3326,tanu,22,2018-07-19,female,finance,33000,"New Delhi",19811
3328,monika,25,2021-08-05,female,finance,66000,"New Delhi",30799
3333,hema,27,2020-05-19,female,marketing,35200,"New Delhi",97247
3334,pushkar,24,2023-09-26,male,finance,115200,gurugram,75576
3336,shiksha,27,2022-06-29,female,sales,40700,noida,53976
3338,tanu,26,2020-06-13,female,"information technology",73920,noida,75362
3339,rohan,26,2007-06-25,male,marketing,49500,ncert,92437
3340,aniket,24,2022-03-21,male,"Quality Assurance (QA)",33000,Jodhpur,46097
3341,Sita,40,2010-08-11,female,MARKETING,115200,Bhopal,33173
3343,Lalita,35,2014-04-26,female,"CUSTOMER SUPPORT",24200,Nagpur,68355
3345,Tina,28,2002-03-09,female,Production,38500,Jodhpur,10184
3347,Neha,24,2019-05-15,female,Marketing,38500,Mumbai,28311
3349,Priya,30,2015-03-02,female,"Human Resources (HR)",46200,Bengaluru,86249
3350,Sandeep,32,2018-09-08,male,"Information Technology (IT)",49500,Hyderabad,60536
3351,ashish,35,2015-06-04,male,finance,29700,okhla,33933
3352,raghav,34,2000-04-13,male,sales,30800,"New Delhi",68058
3354,rishab,27,2019-04-17,male,"information technology",49500,"New Delhi",28278
3357,gaurav,25,2008-04-01,male,"human resource",49500,mumbai,16019
3359,hemant,30,2022-04-10,male,finance,33000,"New Delhi",71110
3360,rocky,25,2023-09-25,male,marketing,27500,hyderabad,88051
3361,zee,28,2021-02-14,female,sales,52800,gurugram,36925
3362,gagan,25,2020-09-07,male,sales,38500,"New Delhi",90470
3363,sanjay,30,2020-04-18,male,sales,46200,mumbai,61577
3365,vibha,25,2022-05-11,female,marketing,79200,gurugram,27642
3368,vasu,23,2006-07-19,male,production,25300,"New Delhi",58643
3371,Rekha,38,2014-02-22,female,SALES,72600,Guwahati,95118
3374,naman,23,2000-07-15,male,sales,50600,mumbai,16050
3375,angad,25,2019-04-18,male,marketing,30800,okhla,54389
3376,vivek,23,2008-04-23,male,sales,31900,"New Delhi",33795
3377,deepanshu,25,2019-04-19,male,"human resource",95040,mumbai,85808
3378,ragini,27,2001-03-28,female,finance,33000,guwahati,47657
3379,tanu,21,2002-01-31,female,marketing,42900,"New Delhi",60859
3380,sanjeev,25,2002-04-17,male,"human resource",66000,mumbai,61323
3381,priyanka,28,2017-04-16,female,finance,42900,okhla,24038
3382,pushkar,22,2002-04-20,male,"information technology",41800,"New Delhi",16223
3388,SUPRIYA,31,2015-03-02,female,"Human Resources (HR)",68640,Bengaluru,13908
3393,Raj,37,1998-02-24,male,"Research and Development (R&D)",72600,"GANDHI NAGAR",77326
3395,ROHIT,25,2018-08-02,male,SALES,72600,GURUGRAM,55179
3397,KRITIKA,39,2009-01-14,female,"CUSTOMER SUPPORT",76560,INDORE,82470
3398,RAJESH,29,1999-06-24,male,"Research and Development (R&D)",108000,"GANDHI NAGAR",85545
3401,RAJANI,22,2021-02-21,FEMALE,OPERATIONS,44000,"New Delhi",63792
3402,RAANI,28,2020-02-11,FEMALE,FINANCE,79200,DEHARADUN,84114
3403,NISHA,27,2022-01-10,FEMALE,HR,93600,GURUGRAM,39195
3405,AKHIL,27,2017-09-30,MALE,"PROJECT MANAGER",144000,PUNE,80586
3406,RIYA,35,2014-04-27,FEMALE,"CUSTOMER SUPPORT",24200,VARANASI,52028
3407,MANSI,21,2021-06-23,FEMALE,"Research and Development (R&D)",49500,GURUGRAM,98379
3408,YUKTA,24,2022-08-21,FEMALE,Production,38500,NOIDA,55813
3409,SHIVANGI,23,2021-01-22,FEMALE,SALES,72600,CHANDIGARH,63928
3410,ANIKAIT,24,2022-03-21,MALE,"Quality Assurance (QA)",33000,Jodhpur,52200
3412,Ananya,37,2011-07-12,FEMALE,"PROJECT MANAGER",144000,Indore,39487
3414,Rajan,32,1998-06-24,MALE,"Research and Development (R&D)",49500,Surat,10455
3418,Rahul,27,2017-11-10,MALE,Sales,44000,"New Delhi",77728
3421,RAMAN,41,2009-08-05,MALE,MARKETING,122400,DEHRADUN,39280
3426,JAYA,39,2014-02-22,FEMALE,SALES,93600,SURAT,17947
3427,Arvind,28,2016-01-21,MALE,"Quality Assurance (QA)",40700,"New Delhi",92154
3428,Sneha,23,2019-05-15,FEMALE,Marketing,38500,PUNE,36928
3429,RAJAT,25,2017-11-10,MALE,Sales,49500,NOIDA,78182
3431,SAHIL,32,2018-09-08,MALE,"Information Technology (IT)",136800,RAJKOT,26067
3432,KAVYA,36,2011-03-10,FEMALE,"PROJECT MANAGER",144000,ODISA,29967
3433,RITIKA,34,2014-04-24,FEMALE,"CUSTOMER SUPPORT",30800,INDORE,61634
3435,PRERNA,29,2021-08-19,FEMALE,Production,122400,JAIPUR,36453
3440,PRATIKSHA,39,2021-08-27,FEMALE,Production,49500,JAIPUR,29101
3441,JIYA,35,2013-02-22,FEMALE,SALES,108000,SURAT,99142
3442,ARAV,29,2016-08-23,MALE,"Quality Assurance (QA)",40700,NAGPUR,38406
3443,SHIKSHA,38,2010-05-15,FEMALE,Marketing,122400,PUNE,64605
3448,RAMESH,55,2009-12-10,MALE,Sales,136800,NOIDA,60681
3449,PRIYANKA,41,2007-09-02,FEMALE,"Human Resources (HR)",100800,Bengaluru,30170
3450,SHAZ,32,2018-06-08,MALE,"Information Technology (IT)",72600,RAJKOT,48806
3456,swarnim,24,2015-04-13,male,finance,38500,ignou,98782
3460,hemant,25,2006-07-28,male,"information technology",75240,"New Delhi",36944
3462,meena,34,2008-07-19,female,finance,115200,"New Delhi",83314
3463,sahana,36,2009-01-31,female,sales,108000,gurugram,50082
3464,bhawana,38,2012-04-16,female,sales,93600,haryana,80469
3466,shweta,30,2015-04-13,female,finance,72600,ignou,59087
3467,divyanka,28,2017-04-03,female,sales,66000,dwarka,99139
3468,hemlata,26,2018-05-19,female,marketing,49500,"New Delhi",38433
3469,pushpender,24,2019-09-26,male,finance,44000,gurugram,64750
3470,hemang,22,2021-07-28,male,"information technology",40700,"New Delhi",18448
3471,shikha,20,2022-06-29,female,sales,35200,noida,67992
3472,mona,18,2023-08-05,female,finance,22000,"New Delhi",94615
3473,meenakshi,31,2010-01-01,female,finance,79200,"New Delhi",79098
3474,suhana,33,2009-02-02,female,sales,108000,gurugram,11646
3475,bhagwati,35,2008-03-16,female,sales,49500,haryana,80937
3476,asheer,37,2007-04-05,male,finance,66000,"New Delhi",89744
3477,shravani,39,2006-05-12,female,finance,72600,ignou,15912
3478,deepanshi,41,2005-06-13,female,sales,79200,dwarka,70326
3479,himanshi,43,2004-07-29,female,marketing,100800,"New Delhi",23895
3480,prateek,45,2003-08-16,male,finance,115200,gurugram,78498
3481,hitesh,47,2002-09-18,male,"information technology",129600,"New Delhi",40804
3483,mahima,51,2000-11-15,female,finance,172800,"New Delhi",20216
3484,shanvi,25,2009-02-02,female,sales,72600,gurugram,35501
3485,bhagirathi,26,2008-03-16,female,sales,49500,haryana,16860
3486,abhinav,27,2007-04-05,male,finance,44000,"New Delhi",57797
3487,seema,28,2006-05-12,female,finance,38500,ignou,48403
3488,deepti,29,2005-06-13,female,sales,33000,dwarka,58625
3489,hridya,30,2004-07-29,female,marketing,49500,"New Delhi",47918
3490,pankaj,31,2003-08-16,male,finance,44000,gurugram,53713
3491,harish,32,2002-09-18,male,"information technology",72600,"New Delhi",24814
3492,shubhanshi,33,2001-10-19,female,sales,66000,noida,42927
3493,mehek,34,2000-11-15,female,finance,66000,"New Delhi",40195
3494,madhu,35,2010-01-01,female,finance,79200,"New Delhi",62196
3495,bhumika,36,2008-03-16,female,sales,49500,haryana,90392
3496,karishma,37,2007-04-05,male,finance,66000,"New Delhi",75375
3497,lata,38,2006-05-12,female,finance,72600,ignou,95696
3498,dhwani,39,2005-06-13,female,sales,79200,dwarka,62358
3499,sheetal,40,2004-07-29,female,marketing,100800,"New Delhi",14699
3500,prakash,41,2003-08-16,male,finance,115200,gurugram,56424
3502,RAJANI,23,2021-06-14,FEMALE,ACCOUNTS,27500,"New Delhi",60829
3504,ARYAN,24,2020-11-05,MALE,SALES,22000,"New Delhi",17948
3506,DEEPANSHU,23,2022-12-01,MALE,ADMIN,19800,"New Delhi",63545
3510,SHRUTI,24,2021-10-01,FEMALE,FINANCE,22000,"New Delhi",38912
3511,DHRUV,21,2022-04-10,MALE,ACCOUNTS,13200,"New Delhi",90715
3512,VISHAL,25,2021-12-14,MALE,SALES,33000,GURGAON,56836
3513,ANU,28,2020-09-14,FEMALE,FINANCE,38500,GURGAON,92038
3514,MANOJ,42,2014-05-01,MALE,FINANCE,115200,HARYANA,99682
3516,SAIKAT,25,2019-04-01,MALE,PURCHASE,38500,KOLKATA,32427
3517,SACHIN,22,2022-07-17,MALE,DEVELOPER,27500,GURUGRAM,55250
3518,SHUBHAM,22,2015-10-04,MALE,FINANCE,1080000,INDORE,78969
3520,PRIYANKA,21,2023-03-04,FEMALE,MARKETING,38500,"New Delhi",38570
3523,MANISHA,23,2023-08-24,FEMALE,MARKETING,16500,MYSORE,83851
3526,RITIK,21,2023-06-04,MALE,MARKETING,93600,"New Delhi",16663
3527,ARYAN,24,2017-10-05,MALE,HR,22000,"New Delhi",34048
3528,KASHIF,32,2019-01-15,MALE,PRODUCTION,72600,"New Delhi",20250
3530,FAIZAN,26,2021-04-01,MALE,PRODUCTION,22000,CHENNAI,54778
3531,DILIP,29,2019-01-10,MALE,DESIGN,49500,"New Delhi",26571
3532,BHAVYA,25,2020-11-04,FEMALE,HR,38500,COIMBATORE,48524
3533,MANISH,27,2019-04-05,MALE,DESIGN,93600,GURGAON,62908
3534,VASHU,24,2020-02-15,MALE,SALES,27500,"New Delhi",68966
3536,NITIN,21,2023-05-01,MALE,SALES,22000,"New Delhi",63639
3537,ZARYAB,30,2023-06-05,MALE,ANALYST,108000,NOIDA,49873
3538,JAI,22,2023-09-14,MALE,ANALYST,22000,BANGALORE,48448
3541,MANSI,23,2022-05-01,FEMALE,DESIGN,27500,FARIDABAD,40934
3542,SURAJ,24,2021-12-01,MALE,ADMIN,30800,FARIDABAD,51392
3543,ARJUN,22,2023-09-14,MALE,ACCOUNTS,22000,KANPUR,34160
3544,SHIVANSH,29,2021-08-01,MALE,MARKETING,44000,"New Delhi",96625
3545,TARUN,24,2022-12-01,MALE,FINANCE,19800,"New Delhi",10643
3546,AVISHEK,24,2021-05-01,MALE,HR,33000,NOIDA,23340
3547,SUNNY,40,2018-02-01,MALE,PRODUCTION,108000,VARANASI,74771
3548,NITESH,23,2023-06-14,MALE,SALES,22000,"New Delhi",23835
3549,DEEPAK,35,2009-10-01,MALE,PRODUCTION,172800,CHANDIGARH,64861
3554,SAGAR,30,2016-05-01,MALE,PURCHASE,79200,GUWAHATI,29741
3555,BAGGA,27,2016-04-10,MALE,MARKETING,46200,AJMER,63233
3556,TRIPPY,26,2018-12-04,MALE,SALES,52800,GURGAON,36944
3557,AKHIL,28,2019-09-14,MALE,ADMIN,38500,VISAKHAPATNAM,75021
3558,NEERAJ,29,2014-05-01,MALE,DESIGN,144000,HARYANA,74272
3559,ARUSH,20,2016-05-01,MALE,PURCHASE,79200,NOIDA,46298
3561,VISHNU,35,2021-12-14,MALE,SALES,33000,GURGAON,24482
3565,DISHA,23,2020-11-05,FEMALE,SALES,22000,"New Delhi",70688
3567,RAJESH,28,2017-03-15,MALE,ENGINEERING,72600,"New Delhi",96800
3570,NEHA,29,2017-12-01,FEMALE,IT,81840,HYDERABAD,26953
3571,VIKRAM,26,2019-02-25,MALE,FINANCE,76560,CHENNAI,25768
3572,ANJALI,24,2020-07-10,FEMALE,HR,24200,KOLKATA,37984
3573,SANDEEP,30,2015-11-18,MALE,RESEARCH,77880,PUNE,12613
3574,MEERA,27,2018-04-05,FEMALE,SALES,51700,JAIPUR,29116
3575,RAJIV,29,2017-09-30,MALE,ENGINEERING,73920,AHMEDABAD,97740
3576,POOJA,31,2016-02-12,FEMALE,IT,83160,LUCKNOW,31351
3577,AMITABH,33,2015-06-08,MALE,FINANCE,80520,CHANDIGARH,33537
3578,ANANYA,28,2019-10-22,FEMALE,HR,71280,NAGPUR,63630
3579,VIJAY,26,2020-03-30,MALE,MARKETING,77880,COIMBATORE,27541
3580,RANI,24,2021-08-15,FEMALE,RESEARCH,66000,INDORE,26816
3582,KAVITA,29,2016-11-05,FEMALE,ENGINEERING,75240,KANPUR,26826
3583,SANJAY,30,2018-01-19,MALE,IT,84480,LUDEHIANA,89765
3584,SARIKA,25,2019-07-07,FEMALE,FINANCE,80520,NASHIK,88347
3585,ARJUN,28,2015-12-25,MALE,HR,69960,VARANASI,72442
3586,NISHA,33,2020-06-02,FEMALE,MARKETING,76560,BHOPAL,87167
3587,RAJENDRA,26,2021-02-14,MALE,RESEARCH,67320,VISAKHAPATNAM,28509
3588,SUNITA,31,2017-10-08,FEMALE,SALES,66000,AGRA,51044
3589,ARUN,29,2016-05-09,MALE,ENGINEERING,77880,PATNA,69693
3590,ANUSKHA,27,2018-09-03,FEMALE,IT,93600,KOCHI,95334
3591,Mohan,24,2019-11-28,MALE,FINANCE,81840,GURUGRAM,77592
3592,PREETI,28,2020-03-17,FEMALE,HR,72600,GUWAHATI,91958
3593,RAKESH,32,2016-06-26,MALE,MARKETING,77880,COCHIN,37014
3594,RITU,25,2017-02-03,FEMALE,RESEARCH,67320,DEHRADUN,79196
3595,AVINASH,30,2018-08-12,MALE,SALES,52800,BHUBANESWAR,94939
3596,SWATI,29,2019-04-09,FEMALE,ENGINEERING,79200,RANCHI,47106
3597,RAJAT,27,2016-11-01,MALE,IT,83160,JODHPUR,30712
3598,KIRAN,24,2020-01-20,FEMALE,FINANCE,80520,AMRITSAR,92244
3599,VIVEK,28,2017-07-14,MALE,HR,68640,AJMER,89082
3600,PALLAVI,32,2015-09-29,FEMALE,MARKETING,76560,MYSORE,68680
